Arlesheim, 4144, 47.4953285, 7.628910799999999,
Riken, 4853, 47.2731037, 7.855814400000001,
Cully, 1096, 46.48975249999999, 6.7283917,
Thayngen, 8240, 47.7447496, 8.7107153,
Nennigkofen, 4574, 47.1890209, 7.4995943,
Frauenfeld, 8500, 47.5624565, 8.8883133,
Oberneunforn, 8526, 47.6091861, 8.7643759,
Maur, 8124, 47.3344719, 8.673678299999999,
Gruesch, 7214, 46.9692138, 9.6412028,
Willisau, 6130, 47.1208406, 7.998617100000001,
Aegerten, 2558, 47.1172684, 7.283035300000001,
Einsiedeln, 8840, 47.1109258, 8.735636399999999,
Kirchlindach, 3038, 46.99878020000001, 7.414235100000001,
Basel, 4057, 47.574259, 7.5930664,
Bichwil, 9248, 47.4210766, 9.1352906,
Ettiswil, 6218, 47.1462565, 8.0207316,
Cossonay-Ville, 1304, 46.818188, 8.227511999999999,
Bannwil, 4913, 47.232873, 7.725324599999999,
Gunzgen, 4617, 47.3111104, 7.8393871,
Rafz, 8197, 47.6083878, 8.546168999999999,
Vordemwald, 4803, 47.2706747, 7.8910541,
Trub, 3556, 46.9720887, 7.885568899999999,
Winistorf, 4558, 47.1604805, 7.6343538,
Mellingen, 5507, 47.4210412, 8.271213699999999,
Steinmaur, 8162, 47.4975846, 8.4396233,
Yverdon Le Bains, 1400, 46.818188, 8.227511999999999,
Thun, 3608, 46.7407213, 7.595570500000001,
Uettligen, 3043, 46.99141729999999, 7.377042599999999,
Basel, 4055, 47.5612569, 7.565574300000001,
Schafhausen, 3415, 47.0027027, 7.6511386,
Bitsch, 3982, 46.3392569, 8.0115878,
Eggersriet, 9034, 47.43948169999999, 9.463542499999999,
Hugelshofen, 8565, 47.5963223, 9.118331,
St.Moritz, 7500, 46.818188, 8.227511999999999,
Lenk im Simmental, 3775, 46.4092951, 7.441034999999999,
Cham, 6330, 47.200425, 8.4602565,
Hettlingen, 8442, 47.5464124, 8.7112097,
Meikirch, 3045, 47.0113851, 7.370467400000001,
Oberwil im Simmental, 3765, 46.6509856, 7.446252400000001,
Ftan, 7551, 46.8451715, 10.2202199,
Waltenschwil, 5622, 47.3329265, 8.2969192,
Lenzburg, 5600, 47.3778731, 8.1860746,
Gräslikon, 8415, 47.5651662, 8.5943448,
Hinterkappelen, 3032, 46.9692427, 7.380097900000001,
Raron, 3942, 46.3367598, 7.804152599999998,
Wangen an der Aare, 3380, 47.2345991, 7.663238499999999,
Hofstetten b. Brienz, 3858, 46.7546227, 8.076198399999999,
Pfäffikon, 8330, 47.3722412, 8.7921111,
Triengen, 6234, 47.2374115, 8.0855523,
Hemberg, 9633, 47.3005308, 9.1757408,
Ennetmoos, 6372, 46.9405596, 8.329259200000001,
Scharnachtal, 3722, 46.6187782, 7.712012799999998,
Neu St. Johann, 9652, 47.2400076, 9.1880199,
Rüdtligen, 3422, 47.08242329999999, 7.592681699999999,
Langenthal, 4900, 47.2140396, 7.7857711,
Erstfeld, 6472, 46.8033393, 8.5994797,
Sonvilier, 2615, 47.130022, 6.960442599999999,
Uettligen, 3043, 46.99141729999999, 7.377042599999999,
Lütisburg / Unterrindal, 9604, 47.39691269999999, 9.1065939,
Ebnat-Kappel, 9642, 47.2522495, 9.1275795,
Wolfenschiessen, 6386, 46.9015041, 8.395495799999999,
Alten, 8453, 47.5985223, 8.6443471,
Uettligen, 3043, 46.99141729999999, 7.377042599999999,
Neukirch, 9315, 47.52385719999999, 9.3705949,
Nidfurn, 8772, 46.9862732, 9.045321399999999,
Morbio Inferiore, 6834, 45.850209, 9.0238835,
Scherz, 5246, 47.4472086, 8.1818971,
Zürich, 8004, 47.3807562, 8.517289,
Villars-sur-Fontenais, 2903, 47.3830538, 7.075870399999999,
Plan-les-Ouates, 1228, 46.1655214, 6.116018,
Uetikon am See, 8707, 47.269647, 8.6842566,
Fislisbach, 5442, 47.436874, 8.2909952,
Ittigen, 3063, 46.9824346, 7.4776246,
Rosshäusern, 3204, 46.9293689, 7.278932999999999,
Steinmaur, 8162, 47.4975846, 8.4396233,
Furna, 7232, 46.9333514, 9.6596705,
Egg, 8847, 47.1617695, 8.783147699999999,
Pailly, 1416, 32.5709437, -117.0924401,
Kesswil, 8593, 47.58552539999999, 9.3133194,
Bottmingen, 4103, 47.52087239999999, 7.57879,
Teufen, 9053, 47.3927275, 9.401474499999999,
Siviriez, 1678, 46.818188, 8.227511999999999,
Gasel, 3144, 46.899072, 7.4087902,
Thayngen, 8240, 47.7447496, 8.7107153,
Rapperswil, 3255, 47.0638504, 7.4104389,
Trimbach, 4632, 47.3688467, 7.894377,
Muhen, 5037, 47.3371722, 8.0658539,
Nyon, 1260, 46.3805092, 6.2298735,
Schocherswil, 8581, 47.5353988, 9.2596241,
Müntschemier, 3225, 46.9964702, 7.1438031,
Rüschegg Heubach, 3154, 46.7892444, 7.412360199999999,
Trüllikon, 8466, 47.6389086, 8.6997237,
Einsiedeln, 8840, 47.1109258, 8.735636399999999,
St. Gallen, 9010, 47.44214849999999, 9.3714336,
Oberdorf, 4436, 47.3916064, 7.7416841,
Basel, 4056, 47.5705771, 7.5740645,
Gsteig, 3785, 46.37278449999999, 7.2585836,
Giswil, 6074, 46.828877, 8.118184399999999,
Wettingen, 5430, 47.4650388, 8.344792,
Wiesenberg, 6383, 46.917998, 8.370464,
Münsingen, 3110, 46.8722757, 7.5572966,
Glovelier, 2855, 47.3273761, 7.1801473,
Rona, 7454, 46.55763150000001, 9.6596835,
Ebikon, 6030, 47.08164499999999, 8.3407354,
Tenna, 7106, 46.7416885, 9.3210091,
Zell, 6144, 47.139762, 7.938244600000001,
Schüpfheim, 6170, 46.9431775, 8.019995999999999,
Kümmertshausen, 8586, 47.5456562, 9.2161258,
Collombey, 1868, 46.818188, 8.227511999999999,
Mühledorf, 3116, 46.8148227, 7.542035999999999,
Willisau, 6130, 47.1208406, 7.998617100000001,
Lützelflüh, 3432, 47.0055543, 7.681473,
Staufen, 5603, 47.3821933, 8.160136699999999,
St-Imier, 2610, 47.162034, 6.9975882,
Yverdon, 1400, 46.818188, 8.227511999999999,
Gruenenmatt, 3452, 47.0276039, 7.717045100000001,
Unterwasser, 9657, 47.1931277, 9.3108287,
Hildisrieden, 6024, 47.14866010000001, 8.228173,
Kaltbrunn, 8722, 47.2161875, 9.0242024,
Davos, 7260, 46.7757476, 9.8997731,
Gunzwil, 6222, 47.1921984, 8.1686856,
Lenzerheide, 7078, 46.7283044, 9.5412767,
Törbel, 3923, 46.2433627, 7.830723300000001,
Wuppenau, 9514, 47.4961569, 9.1015365,
Höchstetten, 3429, 47.1430412, 7.638568100000001,
Glashütten, 4856, 47.253813, 7.850476299999999,
Rüti bei Büren, 3295, 47.1531739, 7.4102938,
Zweisimmen, 3770, 46.5761908, 7.4034662,
Lyssach, 3421, 47.0657849, 7.585278299999999,
Neuchâtel, 2002, 46.818188, 8.227511999999999,
Lenzerheide, 7078, 46.7283044, 9.5412767,
Zetzwil, 5732, 47.288418, 8.1633046,
Buttisholz, 6018, 47.114231, 8.0923935,
Willadingen, 3425, 47.1427726, 7.605866400000001,
Goldiwil, 3624, 46.7651516, 7.6666345,
Beinwil, 5637, 47.2303776, 8.3458451,
Le Mont, 1052, 46.818188, 8.227511999999999,
St. Peter, 7028, 46.8509816, 9.649968399999999,
Präz, 7424, 46.7453548, 9.3950169,
Utzigen, 3068, 46.9733542, 7.578328300000001,
Ruswil, 6017, 47.08397739999999, 8.1263259,
Bargen, 8233, 47.7936422, 8.589948099999999,
Blumenstein, 3638, 46.7243621, 7.5122297,
Hinwil, 8340, 47.2993227, 8.8427233,
Gsteig, 3785, 46.37278449999999, 7.2585836,
Bonaduz, 7402, 46.7967526, 9.3634378,
Nassen, 9123, 47.3834435, 9.151499,
Saignelégier, 2350, 47.2489725, 7.0190267,
Montfaucon, 2875, 47.2855129, 7.0633997,
Faoug, 1595, 46.9006664, 7.0760673,
Menzingen, 6313, 47.1758438, 8.5919634,
Langnau, 3550, 46.9349318, 7.7864583,
Ammerzwil, 3257, 47.0705883, 7.362277299999999,
Belp, 3123, 46.895252, 7.5046295,
Otelfingen, 8112, 47.4615504, 8.3923945,
Bichwil, 9248, 47.4210766, 9.1352906,
Ueberstorf, 3182, 46.8681291, 7.321717899999999,
Marbach, 9437, 47.3851158, 9.581794300000002,
Steffisburg, 3613, 46.7734044, 7.6160391,
Gonten, 9108, 47.3135227, 9.3443465,
Degen, 7145, 46.707833, 9.167802499999999,
Cressier, 1785, 46.818188, 8.227511999999999,
Cressier, 1785, 46.818188, 8.227511999999999,
Flühli, 6173, 46.8840955, 8.0270584,
Aigle, 1860, 46.818188, 8.227511999999999,
Jonschwil, 9243, 47.42772, 9.0918706,
Rubigen, 3113, 46.90255519999999, 7.5418266,
Weinfelden, 8570, 47.569994, 9.1067558,
Wila, 8492, 47.4070894, 8.851922000000002,
Villarlod, 1695, 46.818188, 8.227511999999999,
Niederbüren, 9246, 47.4619009, 9.220146699999999,
Ehrendingen, 5420, 47.4949173, 8.341430299999999,
Lützelflüh-Goldbach, 3432, 47.0055543, 7.681473,
Klosters, 7250, 46.8390202, 9.9588438,
Azmoos, 9478, 47.0909084, 9.418216,
Interlaken, 3800, 46.6871831, 7.848015299999999,
Aesch, 6287, 47.2583926, 8.2389682,
Au, 9434, 47.4295975, 9.6404297,
Dürrenroth, 3465, 47.0813037, 7.791030399999999,
Donzhausen, 8583, 47.5386004, 9.189432,
Heitenried, 1714, 46.8305302, 7.300363,
Chiasso, 6830, 45.8357536, 9.0251586,
Euthal, 8844, 47.09837539999999, 8.8348247,
Wilchingen, 8217, 47.6648801, 8.4528505,
Altendorf, 8852, 47.1769241, 8.8350098,
Ebnat-Kappel, 9642, 47.2522495, 9.1275795,
Saillon, 1913, 46.818188, 8.227511999999999,
Niederönz, 3362, 47.1888575, 7.686580999999999,
Riken, 4853, 47.2731037, 7.855814400000001,
Cully, 1096, 46.48975249999999, 6.7283917,
Thayngen, 8240, 47.7447496, 8.7107153,
Nennigkofen, 4574, 47.1890209, 7.4995943,
Frauenfeld, 8500, 47.5624565, 8.8883133,
Oberneunforn, 8526, 47.6091861, 8.7643759,
Maur, 8124, 47.3344719, 8.673678299999999,
Gruesch, 7214, 46.9692138, 9.6412028,
Willisau, 6130, 47.1208406, 7.998617100000001,
Aegerten, 2558, 47.1172684, 7.283035300000001,
Einsiedeln, 8840, 47.1109258, 8.735636399999999,
Kirchlindach, 3038, 46.99878020000001, 7.414235100000001,
Basel, 4057, 47.574259, 7.5930664,
Bichwil, 9248, 47.4210766, 9.1352906,
Ettiswil, 6218, 47.1462565, 8.0207316,
Cossonay-Ville, 1304, 46.818188, 8.227511999999999,
Bannwil, 4913, 47.232873, 7.725324599999999,
Gunzgen, 4617, 47.3111104, 7.8393871,
Rafz, 8197, 47.6083878, 8.546168999999999,
Vordemwald, 4803, 47.2706747, 7.8910541,
Trub, 3556, 46.9720887, 7.885568899999999,
Winistorf, 4558, 47.1604805, 7.6343538,
Mellingen, 5507, 47.4210412, 8.271213699999999,
Steinmaur, 8162, 47.4975846, 8.4396233,
Yverdon Le Bains, 1400, 46.818188, 8.227511999999999,
Thun, 3608, 46.7407213, 7.595570500000001,
Uettligen, 3043, 46.99141729999999, 7.377042599999999,
Basel, 4055, 47.5612569, 7.565574300000001,
Schafhausen, 3415, 47.0027027, 7.6511386,
Bitsch, 3982, 46.3392569, 8.0115878,
Eggersriet, 9034, 47.43948169999999, 9.463542499999999,
Hugelshofen, 8565, 47.5963223, 9.118331,
St.Moritz, 7500, 46.818188, 8.227511999999999,
Lenk im Simmental, 3775, 46.4092951, 7.441034999999999,
Cham, 6330, 47.200425, 8.4602565,
Hettlingen, 8442, 47.5464124, 8.7112097,
Meikirch, 3045, 47.0113851, 7.370467400000001,
Oberwil im Simmental, 3765, 46.6509856, 7.446252400000001,
Ftan, 7551, 46.8451715, 10.2202199,
Waltenschwil, 5622, 47.3329265, 8.2969192,
Lenzburg, 5600, 47.3778731, 8.1860746,
Gräslikon, 8415, 47.5651662, 8.5943448,
Hinterkappelen, 3032, 46.9692427, 7.380097900000001,
Raron, 3942, 46.3367598, 7.804152599999998,
Wangen an der Aare, 3380, 47.2345991, 7.663238499999999,
Hofstetten b. Brienz, 3858, 46.7546227, 8.076198399999999,
Pfäffikon, 8330, 47.3722412, 8.7921111,
Triengen, 6234, 47.2374115, 8.0855523,
Hemberg, 9633, 47.3005308, 9.1757408,
Ennetmoos, 6372, 46.9405596, 8.329259200000001,
Scharnachtal, 3722, 46.6187782, 7.712012799999998,
Neu St. Johann, 9652, 47.2400076, 9.1880199,
Rüdtligen, 3422, 47.08242329999999, 7.592681699999999,
Langenthal, 4900, 47.2140396, 7.7857711,
Erstfeld, 6472, 46.8033393, 8.5994797,
Sonvilier, 2615, 47.130022, 6.960442599999999,
Uettligen, 3043, 46.99141729999999, 7.377042599999999,
Lütisburg / Unterrindal, 9604, 47.39691269999999, 9.1065939,
Ebnat-Kappel, 9642, 47.2522495, 9.1275795,
Wolfenschiessen, 6386, 46.9015041, 8.395495799999999,
Alten, 8453, 47.5985223, 8.6443471,
Uettligen, 3043, 46.99141729999999, 7.377042599999999,
Neukirch, 9315, 47.52385719999999, 9.3705949,
Nidfurn, 8772, 46.9862732, 9.045321399999999,
Morbio Inferiore, 6834, 45.850209, 9.0238835,
Scherz, 5246, 47.4472086, 8.1818971,
Zürich, 8004, 47.3807562, 8.517289,
Villars-sur-Fontenais, 2903, 47.3830538, 7.075870399999999,
Plan-les-Ouates, 1228, 46.1655214, 6.116018,
Uetikon am See, 8707, 47.269647, 8.6842566,
Fislisbach, 5442, 47.436874, 8.2909952,
Ittigen, 3063, 46.9824346, 7.4776246,
Rosshäusern, 3204, 46.9293689, 7.278932999999999,
Steinmaur, 8162, 47.4975846, 8.4396233,
Furna, 7232, 46.9333514, 9.6596705,
Egg, 8847, 47.1617695, 8.783147699999999,
Pailly, 1416, 32.5709437, -117.0924401,
Kesswil, 8593, 47.58552539999999, 9.3133194,
Bottmingen, 4103, 47.52087239999999, 7.57879,
Teufen, 9053, 47.3927275, 9.401474499999999,
Siviriez, 1678, 46.818188, 8.227511999999999,
Gasel, 3144, 46.899072, 7.4087902,
Thayngen, 8240, 47.7447496, 8.7107153,
Rapperswil, 3255, 47.0638504, 7.4104389,
Trimbach, 4632, 47.3688467, 7.894377,
Muhen, 5037, 47.3371722, 8.0658539,
Nyon, 1260, 46.3805092, 6.2298735,
Schocherswil, 8581, 47.5353988, 9.2596241,
Müntschemier, 3225, 46.9964702, 7.1438031,
Rüschegg Heubach, 3154, 46.7892444, 7.412360199999999,
Trüllikon, 8466, 47.6389086, 8.6997237,
Einsiedeln, 8840, 47.1109258, 8.735636399999999,
St. Gallen, 9010, 47.44214849999999, 9.3714336,
Oberdorf, 4436, 47.3916064, 7.7416841,
Basel, 4056, 47.5705771, 7.5740645,
Gsteig, 3785, 46.37278449999999, 7.2585836,
Giswil, 6074, 46.828877, 8.118184399999999,
Wettingen, 5430, 47.4650388, 8.344792,
Wiesenberg, 6383, 46.917998, 8.370464,
Münsingen, 3110, 46.8722757, 7.5572966,
Glovelier, 2855, 47.3273761, 7.1801473,
Rona, 7454, 46.55763150000001, 9.6596835,
Ebikon, 6030, 47.08164499999999, 8.3407354,
Tenna, 7106, 46.7416885, 9.3210091,
Zell, 6144, 47.139762, 7.938244600000001,
Schüpfheim, 6170, 46.9431775, 8.019995999999999,
Kümmertshausen, 8586, 47.5456562, 9.2161258,
Collombey, 1868, 46.818188, 8.227511999999999,
Mühledorf, 3116, 46.8148227, 7.542035999999999,
Willisau, 6130, 47.1208406, 7.998617100000001,
Lützelflüh, 3432, 47.0055543, 7.681473,
Staufen, 5603, 47.3821933, 8.160136699999999,
St-Imier, 2610, 47.162034, 6.9975882,
Yverdon, 1400, 46.818188, 8.227511999999999,
Gruenenmatt, 3452, 47.0276039, 7.717045100000001,
Unterwasser, 9657, 47.1931277, 9.3108287,
Hildisrieden, 6024, 47.14866010000001, 8.228173,
Kaltbrunn, 8722, 47.2161875, 9.0242024,
Davos, 7260, 46.7757476, 9.8997731,
Gunzwil, 6222, 47.1921984, 8.1686856,
Lenzerheide, 7078, 46.7283044, 9.5412767,
Törbel, 3923, 46.2433627, 7.830723300000001,
Wuppenau, 9514, 47.4961569, 9.1015365,
Höchstetten, 3429, 47.1430412, 7.638568100000001,
Glashütten, 4856, 47.253813, 7.850476299999999,
Rüti bei Büren, 3295, 47.1531739, 7.4102938,
Zweisimmen, 3770, 46.5761908, 7.4034662,
Lyssach, 3421, 47.0657849, 7.585278299999999,
Neuchâtel, 2002, 46.818188, 8.227511999999999,
Lenzerheide, 7078, 46.7283044, 9.5412767,
Zetzwil, 5732, 47.288418, 8.1633046,
Buttisholz, 6018, 47.114231, 8.0923935,
Willadingen, 3425, 47.1427726, 7.605866400000001,
Goldiwil, 3624, 46.7651516, 7.6666345,
Beinwil, 5637, 47.2303776, 8.3458451,
Le Mont, 1052, 46.818188, 8.227511999999999,
St. Peter, 7028, 46.8509816, 9.649968399999999,
Präz, 7424, 46.7453548, 9.3950169,
Utzigen, 3068, 46.818188, 8.227511999999999,
Ruswil, 6017, 47.08397739999999, 8.1263259,
Bargen, 8233, 47.7936422, 8.589948099999999,
Blumenstein, 3638, 46.7243621, 7.5122297,
Hinwil, 8340, 47.2993227, 8.8427233,
Gsteig, 3785, 46.37278449999999, 7.2585836,
Bonaduz, 7402, 46.7967526, 9.3634378,
Nassen, 9123, 47.3834435, 9.151499,
Saignelégier, 2350, 47.2489725, 7.0190267,
Montfaucon, 2875, 47.2855129, 7.0633997,
Faoug, 1595, 46.9006664, 7.0760673,
Menzingen, 6313, 47.1758438, 8.5919634,
Langnau, 3550, 46.9349318, 7.7864583,
Ammerzwil, 3257, 47.0705883, 7.362277299999999,
Belp, 3123, 46.895252, 7.5046295,
Otelfingen, 8112, 47.4615504, 8.3923945,
Bichwil, 9248, 47.4210766, 9.1352906,
Ueberstorf, 3182, 46.8681291, 7.321717899999999,
Marbach, 9437, 47.3851158, 9.581794300000002,
Steffisburg, 3613, 46.7734044, 7.6160391,
Gonten, 9108, 47.3135227, 9.3443465,
Degen, 7145, 46.707833, 9.167802499999999,
Cressier, 1785, 46.818188, 8.227511999999999,
Cressier, 1785, 46.818188, 8.227511999999999,
Flühli, 6173, 46.8840955, 8.0270584,
Aigle, 1860, 46.818188, 8.227511999999999,
Jonschwil, 9243, 47.42772, 9.0918706,
Rubigen, 3113, 46.90255519999999, 7.5418266,
Weinfelden, 8570, 47.569994, 9.1067558,
Wila, 8492, 47.4070894, 8.851922000000002,
Villarlod, 1695, 46.818188, 8.227511999999999,
Niederbüren, 9246, 47.4619009, 9.220146699999999,
Ehrendingen, 5420, 47.4949173, 8.341430299999999,
Lützelflüh-Goldbach, 3432, 47.0055543, 7.681473,
Klosters, 7250, 46.8390202, 9.9588438,
Azmoos, 9478, 47.0909084, 9.418216,
Interlaken, 3800, 46.6871831, 7.848015299999999,
Aesch, 6287, 47.2583926, 8.2389682,
Au, 9434, 47.4295975, 9.6404297,
Dürrenroth, 3465, 47.0813037, 7.791030399999999,
Donzhausen, 8583, 47.5386004, 9.189432,
Heitenried, 1714, 46.8305302, 7.300363,
Chiasso, 6830, 45.8357536, 9.0251586,
Euthal, 8844, 47.09837539999999, 8.8348247,
Wilchingen, 8217, 47.6648801, 8.4528505,
Altendorf, 8852, 47.1769241, 8.8350098,
Ebnat-Kappel, 9642, 47.2522495, 9.1275795,
Saillon, 1913, 46.818188, 8.227511999999999,
Niederönz, 3362, 47.1888575, 7.686580999999999,
Gümmenen, 3205, 46.9411674, 7.2468286,
Finsterwald, 6162, 46.9748961, 8.124259499999999,
Schlossrued, 5044, 47.2855978, 8.099298,
Kriessern, 9451, 47.3660196, 9.6032566,
Brugg, 5200, 47.4824134, 8.2072208,
Ennetbürgen, 6373, 46.9884748, 8.4092693,
Münchenstein, 4142, 47.51813110000001, 7.620042300000001,
Wald, 8636, 47.2832038, 8.9231923,
Hergiswil b. Willisau, 6133, 47.0648206, 7.959008,
Häggenschwil, 9312, 47.48944789999999, 9.337500100000002,
Aeschlen, 3656, 46.72938800000001, 7.6921847,
Mönchaltorf, 8617, 47.308497, 8.7235821,
Tentlingen, 1734, 46.766384, 7.1995146,
Arlesheim, 4144, 47.4953285, 7.628910799999999,
Allschwil, 4123, 47.5411636, 7.533236499999999,
Gossau, 9201, 46.818188, 8.227511999999999,
Frauenfeld, 8500, 47.5624565, 8.8883133,
Reichenbach, 3713, 46.6211024, 7.6775531,
Rüttenen, 4522, 47.24536819999999, 7.5382485,
Steinach, 9323, 47.4985985, 9.436729099999999,
Euthal, 8844, 47.09837539999999, 8.8348247,
Le Cerneux-Veusil, 2345, 47.2123237, 7.003925600000001,
Ganterschwil, 9608, 47.37766149999999, 9.100402899999999,
Tenna, 7106, 46.7416885, 9.3210091,
Döttingen, 5312, 47.5581466, 8.253506699999999,
Delémont, 2800, 47.3668919, 7.3324722,
Eichberg, 9453, 47.3459394, 9.518951999999999,
Oschwand, 3476, 47.13494739999999, 7.722492,
Murten, 3280, 46.92848, 7.1384139,
Hellsau, 3429, 47.1430412, 7.638568100000001,
Altstätten, 9450, 47.3700789, 9.5549856,
Grandvaux, 1091, 46.5069328, 6.723880299999999,
Bottenwil, 4814, 47.2852171, 8.0000429,
Plan-les-Ouates, 1228, 46.1655214, 6.116018,
Plan-les-Ouates, 1228, 46.1655214, 6.116018,
Luzern, 6014, 47.0588407, 8.2500796,
Bern, 3018, 46.9400266, 7.390333200000001,
Samnaun-Compatsch, 7562, 46.97131100000001, 10.3965963,
Genf, 1203, 46.818188, 8.227511999999999,
Thunstetten, 4922, 47.2023671, 7.740851399999999,
Gais, 9056, 47.3675181, 9.4673559,
Hessigkofen, 4577, 47.1390244, 7.458312200000001,
Oberthal, 3531, 46.922051, 7.688424299999999,
Neuenegg, 3176, 46.9087039, 7.297048099999999,
Zizers, 7205, 46.9335139, 9.5708253,
Thierrens, 1410, 46.818188, 8.227511999999999,
Madiswil, 4934, 47.1582636, 7.812176999999999,
Oberwil bei Zug, 6317, 47.1401305, 8.5116703,
Niederurnen, 8867, 47.1262043, 9.0537406,
Engelburg, 9032, 47.444623, 9.3412872,
Herznach, 5027, 47.4742592, 8.0506391,
Appenzell, 9050, 47.32678900000001, 9.4228294,
Rheinklingen, 8259, 47.656076, 8.831321599999999,
Oberbütschel, 3088, 46.8304487, 7.452386,
Rüeggisberg, 3088, 46.8304487, 7.452386,
Biezwil, 4585, 47.1157248, 7.4211917,
Les Brenets, 2416, 47.0710985, 6.7187969,
Bergdietikon, 8962, 47.3860478, 8.3791652,
Donat, 7433, 46.6243833, 9.3852359,
Thörishaus, 3174, 46.8954172, 7.3521695,
Säriswil, 3049, 46.991434, 7.3388638,
Ernetschwil, 8725, 47.2451799, 8.9998043,
Basel, 4057, 47.574259, 7.5930664,
Avers-Puent, 7447, 46.4574928, 9.5229094,
Engishofen, 8586, 47.5456562, 9.2161258,
Lützelflüh, 3432, 47.0055543, 7.681473,
Zimmerwald, 3086, 46.8835199, 7.460444999999999,
Knutwil, 6213, 47.19889329999999, 8.0745829,
Schänis, 8718, 47.1582369, 9.072896499999999,
Willadingen, 3425, 47.1427726, 7.605866400000001,
Altikon, 8479, 47.5804992, 8.783165499999999,
Schlatt, 8252, 47.6662411, 8.6988943,
Unterägeri, 6314, 47.1226008, 8.5818864,
Nebikon, 6244, 47.1932598, 7.9801423,
Sternenberg, 8499, 47.3927963, 8.908723,
Kreuzlingen, 8280, 47.6400624, 9.1603602,
Bözberg, 5224, 46.818188, 8.227511999999999,
Mühlrüti, 9613, 47.3679063, 8.974447999999999,
Steffisburg, 3612, 46.7792265, 7.6381387,
Guntalingen, 8468, 47.6316606, 8.7621018,
Hellbühl, 6016, 47.0726649, 8.194188,
Schleitheim, 8226, 47.7513569, 8.4909999,
Alpnachstad, 6053, 46.96917819999999, 8.2718593,
Schuders, 7228, 47.0034293, 9.7574876,
Altbüron, 6147, 47.1919482, 7.893083400000001,
Furna, 7232, 46.9333514, 9.6596705,
Les Vieux-Prés, 2054, 47.078038, 6.9302062,
Bern, 3027, 46.9522511, 7.378622,
Braunau, 9502, 47.4990318, 9.065437,
Abtwil, 5646, 47.1763608, 8.353566899999999,
Bottenwil, 4814, 47.2852171, 8.0000429,
Aesch, 6287, 47.2583926, 8.2389682,
Oberdiessbach, 3672, 46.8373954, 7.6420254,
Aeschi, 4556, 47.1781859, 7.6628849,
Opfershofen, 8584, 47.5615339, 9.1813979,
Ardez, 7546, 46.7751134, 10.2036595,
La Chaux-de-Fonds, 2300, 47.11767829999999, 6.8405667,
Crissier, 1023, 46.818188, 8.227511999999999,
Münchenstein, 4142, 47.51813110000001, 7.620042300000001,
Kueblis, 7240, 46.9178837, 9.7833466,
Dänikon, 8114, 47.4431086, 8.4082107,
Winterthur, 8400, 47.485687, 8.7292922,
Innerberg, 3044, 46.9980911, 7.311224299999999,
Lourtier, 1948, 46.818188, 8.227511999999999,
Müntschemier, 3225, 46.9964702, 7.1438031,
Freidorf, 9306, 47.4854814, 9.3858009,
Deitingen, 4543, 47.2198713, 7.6265451,
Schüpfheim bei Windlach, 8175, 47.5450692, 8.4659907,
Gurzelen, 3663, 46.7757953, 7.5434028,
Chalais, 3966, 46.2625791, 7.5092826,
Trey, 1552, 46.818188, 8.227511999999999,
Wölflinswil, 5063, 47.460628, 7.9923183,
Veltheim, 5106, 47.42956849999999, 8.1526128,
Vuissens, 1486, 46.818188, 8.227511999999999,
Steffisburg, 3612, 46.7792265, 7.6381387,
Kloten, 8302, 47.45265089999999, 8.5785757,
Schangnau, 6197, 46.8276597, 7.8607874,
Schangnau, 6197, 46.8276597, 7.8607874,
Brig, 3900, 46.3060531, 7.9539715,
Eichberg, 9453, 47.3459394, 9.518951999999999,
Thierachern, 3634, 46.7543877, 7.5728572,
Appenzell, 9050, 47.32678900000001, 9.4228294,
Fontenais, 2902, 47.4001963, 7.0771849,
Siselen, 2577, 47.0327785, 7.1880903,
Küblis, 7240, 46.9178837, 9.7833466,
Kernenried, 3309, 47.06886189999999, 7.538801599999999,
Winterthur, 8408, 47.5086606, 8.6873516,
Hinterforst, 9452, 47.3550386, 9.528211299999999,
Gunzwil, 6222, 47.1921984, 8.1686856,
Selzach, 2545, 47.2121208, 7.446418599999999,
Hombrechtikon, 8634, 47.25584, 8.7682378,
Hergiswil b. Willisau, 6133, 47.0648206, 7.959008,
Seedorf, 3267, 47.0239748, 7.3266996,
Plan-les-Ouates, 1228, 46.1655214, 6.116018,
Le Lignon, 1219, 46.818188, 8.227511999999999,
Gelfingen, 6284, 47.2156126, 8.286759199999999,
Rothenburg, 6023, 47.1024566, 8.2567703,
Lechelles, 1773, 46.818188, 8.227511999999999,
Zimmerwald, 3086, 46.8835199, 7.460444999999999,
Sulz, 5085, 47.532246, 8.0972936,
Gohl (BE), 3553, 46.9812891, 7.8228805,
Wattenwil, 3665, 46.7641056, 7.499330700000001,
Kreuzlingen, 8280, 47.6400624, 9.1603602,
Gutenburg, 4932, 47.1887526, 7.7967202,
Grasswil, 3365, 47.1485054, 7.666756,
Gerlafingen, 4563, 47.171782, 7.5750654,
Gümmenen, 3205, 46.9411674, 7.2468286,
Zürich, 8055, 47.3627973, 8.4936631,
Münsingen, 3110, 46.8722757, 7.5572966,
Wölflinswil, 5063, 47.460628, 7.9923183,
Murzelen, 3034, 46.9759147, 7.314321100000001,
Burgdorf, 3400, 46.818188, 8.227511999999999,
Wil, 9500, 47.4604542, 9.0530887,
Spiegel b.Bern, 3095, 46.92543149999999, 7.434743099999999,
Sarnen, 6060, 46.9038736, 8.2289979,
Gonten, 9108, 47.3135227, 9.3443465,
Oberdiessbach, 3672, 46.8373954, 7.6420254,
Cudrefin, 1588, 46.9548174, 7.028313,
Gams, 9473, 47.2077199, 9.432517599999999,
Waldkirch, 9205, 47.4613393, 9.2879882,
Mellikon, 5465, 47.561336, 8.345768699999999,
Naters, 3904, 46.3386976, 7.9851752,
Provence, 1428, 32.5706201, -117.0920723,
Sigigen, 6019, 47.0568262, 8.141764499999999,
Luzein, 7242, 46.9220575, 9.7632718,
Röthenbach, 3373, 47.21516769999999, 7.696684500000001,
Muttenz, 4132, 47.5236348, 7.6485345,
Spiez, 3700, 46.6901725, 7.6610777,
Schmidrüti, 8495, 47.4229427, 8.9128229,
Ilanz, 7130, 46.7712522, 9.197411599999999,
Kilchberg, 8802, 47.3198115, 8.5414899,
Tenna, 7106, 46.7416885, 9.3210091,
Ayent, 1966, 46.818188, 8.227511999999999,
Eschenbach, 6274, 47.1226199, 8.316711699999999,
Vattiz, 7146, 46.7106708, 9.132503999999999,
Läufelfingen, 4448, 47.391428, 7.8526024,
Wittnau, 5064, 47.4824671, 7.9622572,
Wollerau, 8832, 47.1934879, 8.7155642,
Mörschwil, 9402, 47.4697047, 9.4270931,
Etoy, 1163, 46.4856009, 6.4228406,
Waldkirch, 9205, 47.4613393, 9.2879882,
Elsau, 8352, 47.49947969999999, 8.8071463,
Freidorf, 9306, 47.4854814, 9.3858009,
Gland, 1196, 46.818188, 8.227511999999999,
Recherswil, 4565, 47.1602107, 7.6016374,
Unterstammheim, 8476, 47.6491791, 8.7921751,
Arnegg, 9212, 47.4418731, 9.2537805,
Niederbüren, 9246, 47.4619009, 9.220146699999999,
Mühlrüti, 9613, 47.3679063, 8.974447999999999,
Davos Clavadel, 7272, 46.7209578, 9.856140199999999,
Küttigen, 5024, 47.4274549, 8.0432782,
Thalheim, 5112, 47.4434508, 8.0961387,
Seewis Dorf, 7212, 47.0136232, 9.637891699999999,
Sissach, 4450, 47.4736973, 7.8031928,
Kappel am Albis, 8926, 47.2235656, 8.512538,
Oberhof, 5062, 47.43962, 8.010523000000001,
Dornach, 4143, 47.4759407, 7.6236993,
St. Gallen, 9014, 47.4082855, 9.332389,
Oberdiessbach, 3672, 46.8373954, 7.6420254,
Heitenried, 1714, 46.8305302, 7.300363,
Trübbach, 9477, 47.07754080000001, 9.4904919,
Leuk-Stadt, 3953, 46.3352558, 7.612349,
Horw, 6048, 47.0249599, 8.3121008,
Gränichen, 5722, 47.3487239, 8.111316000000002,
Goldau, 6410, 47.0415487, 8.5513689,
Eschenbach, 6274, 47.1226199, 8.316711699999999,
Saint-Livres, 1176, 46.818188, 8.227511999999999,
Illighausen, 8574, 47.6168339, 9.202468699999999,
Buttenried, 3203, 46.9596448, 7.263253799999999,
Zweisimmen, 3770, 46.5761908, 7.4034662,
Grosswangen, 6022, 47.1367735, 8.0509437,
Aesch LU, 6287, 47.2583926, 8.2389682,
Heiden, 9410, 47.441412, 9.5293867,
Meyrin, 1217, 46.2349075, 6.074979099999999,
Grub, 9036, 47.4552059, 9.5122833,
Sargans, 7320, 47.0540051, 9.4488629,
Enggistein, 3077, 46.9304589, 7.5992916,
Menzberg, 6125, 47.0423485, 8.000362299999999,
Birwinken, 8585, 47.5849202, 9.2293009,
Berg, 9305, 47.4883057, 9.4115634,
Staad, 9422, 47.4772439, 9.5445799,
Murzelen, 3034, 46.9759147, 7.314321100000001,
Rüti, 8630, 47.258089, 8.8664545,
Schwanden, 3433, 46.9803822, 7.6924017,
Krattigen, 3704, 46.6561235, 7.7338674,
Schönengrund, 9105, 47.3276201, 9.2318877,
Möriken, 5103, 47.4162233, 8.1827578,
Reckingen, 3998, 46.4592672, 8.2598737,
Les Mosses, 1862, 46.818188, 8.227511999999999,
Grandson, 1422, 32.5706112, -117.0919344,
Uettligen, 3043, 46.99141729999999, 7.377042599999999,
Chur, 7000, 46.84823, 9.5084689,
Volketswil, 8604, 47.391014, 8.675747699999999,
Schöftland, 5040, 47.30601919999999, 8.053993499999999,
Bettlach, 2544, 47.2039878, 7.4206019,
Sirnach, 8370, 47.4642575, 9.005042399999999,
Marthalen, 8460, 47.621445, 8.6359969,
Hundwil, 9064, 47.3399971, 9.3222332,
Dussnang, 8374, 47.4285271, 8.9568145,
Meilen, 8706, 47.28415680000001, 8.6552506,
Kriessern, 9451, 47.3660196, 9.6032566,
Mühlrüti, 9613, 47.3679063, 8.974447999999999,
Röthenbach i. E., 3538, 46.8598762, 7.742323799999999,
Dielsdorf, 8157, 47.4764856, 8.4577034,
Thörigen, 3367, 47.1630398, 7.742035699999999,
Erstfeld, 6472, 46.8033393, 8.5994797,
Giubiasco, 6512, 46.1735877, 9.0027063,
Calfreisen, 7027, 46.8444975, 9.6110587,
Recherswil, 4565, 47.1602107, 7.6016374,
Lützelflüh-Goldbach, 3432, 47.0055543, 7.681473,
Hoffeld, 9114, 47.3516903, 9.1781557,
Flumserberg Bergheim, 8896, 47.097108, 9.3129846,
Engelberg, 6390, 46.80517, 8.444592199999999,
Opfershofen, 8584, 47.5615339, 9.1813979,
Bischofszell, 9220, 47.4963339, 9.2530361,
Gossau, 9200, 47.4151524, 9.248133600000001,
St. Gallen, 9016, 47.4408258, 9.417473,
St. Gallen, 9016, 47.4408258, 9.417473,
Dussnang, 8374, 47.4285271, 8.9568145,
Buch bei Frauenfeld, 8524, 47.5864622, 8.8342485,
Stierva, 7459, 46.6661893, 9.5264546,
Malters, 6102, 47.03428479999999, 8.1831137,
Hölstein, 4434, 47.4260906, 7.778102100000001,
Menznau, 6122, 47.0738989, 8.0390977,
Ittigen, 3063, 46.9824346, 7.4776246,
Neuenegg, 3176, 46.9087039, 7.297048099999999,
Münsingen, 3110, 46.8722757, 7.5572966,
Bern, 3008, 46.942621, 7.414277599999998,
Kriens, 6010, 47.0223002, 8.2813683,
Châtelaine, 1219, 46.818188, 8.227511999999999,
Lyssach, 3421, 47.0657849, 7.585278299999999,
Bonstetten, 8906, 47.3176744, 8.4710539,
Lutzenberg, 9426, 47.4586875, 9.5740813,
Cudrefin, 1588, 46.9548174, 7.028313,
Buchen, 7223, 46.9351528, 9.724760999999999,
Homburg, 8508, 47.6322613, 9.0091503,
Engwang, 8556, 47.6003865, 9.0360949,
Pfäffikon, 8330, 47.3722412, 8.7921111,
Turtmann, 3946, 46.2981741, 7.697909999999999,
Yverdon les Bains, 1400, 46.818188, 8.227511999999999,
Corbeyrier, 1856, 46.818188, 8.227511999999999,
Lignières, 2523, 47.0902682, 7.050162900000001,
Ortschwaben, 3042, 46.9936184, 7.399657700000001,
Au-Wädenswil, 8804, 47.2430517, 8.6457423,
Lupsingen, 4419, 47.4439729, 7.695993099999999,
Wynigen, 3472, 47.09881540000001, 7.6770722,
Jonschwil, 9243, 47.42772, 9.0918706,
Horw, 6048, 47.0249599, 8.3121008,
Brugg, 5200, 47.4824134, 8.2072208,
Erschwil, 4228, 47.3725382, 7.5482251,
Reichenbach im Kandertal, 3713, 46.6211024, 7.6775531,
Rosshäusern, 3204, 46.9293689, 7.278932999999999,
Aigle, 1860, 46.818188, 8.227511999999999,
Stäfa, 8712, 47.248963, 8.729599499999999,
Flühli, 6173, 46.8840955, 8.0270584,
Waltensburg, 7158, 46.8102009, 9.0768934,
Niedergesteln, 3942, 46.3367598, 7.804152599999998,
Uettligen, 3043, 46.99141729999999, 7.377042599999999,
Mümliswil, 4717, 47.3571309, 7.705361799999999,
Graltshausen, 8572, 47.579162, 9.177825499999999,
Berneck, 9442, 47.4246872, 9.6107587,
Gümmenen, 3205, 46.9411674, 7.2468286,
Lyssach, 3421, 47.0657849, 7.585278299999999,
Donat, 7433, 46.6243833, 9.3852359,
Winterthur, 8406, 47.4875152, 8.705355899999999,
Lohn-Ammannsegg, 4573, 47.1700441, 7.5271691,
Urnäsch, 9107, 47.3001966, 9.2660226,
Chevroux, 1545, 46.818188, 8.227511999999999,
Härkingen, 4624, 47.3026642, 7.819096600000001,
Walliswil, 3377, 47.2282053, 7.685328999999999,
Ebnat-Kappel, 9642, 47.2522495, 9.1275795,
Gysenstein, 3503, 46.89172629999999, 7.5948248,
La Comballaz, 1862, 46.818188, 8.227511999999999,
Binningen, 4102, 47.5379528, 7.570991899999999,
Altstätten, 9450, 47.3700789, 9.5549856,
Teufen, 9053, 47.3927275, 9.401474499999999,
Küttigen, 5024, 47.4274549, 8.0432782,
Oberegg, 9413, 47.4174975, 9.5492752,
Ennetbürgen, 6373, 46.9884748, 8.4092693,
Schenkon, 6214, 47.1850966, 8.130626,
Oberegg, 9413, 47.4174975, 9.5492752,
Niederbuchsiten, 4626, 47.2883757, 7.776294799999999,
Zollikon, 8702, 47.3412216, 8.5844266,
Pfaffnau, 6264, 47.2304846, 7.903808,
Lausanne, 1010, 46.818188, 8.227511999999999,
Malters, 6102, 47.03428479999999, 8.1831137,
Gross, 8841, 47.1038613, 8.7637544,
Oberbüren, 9245, 47.4518136, 9.161289199999999,
Birri, 5628, 47.2861314, 8.364799,
Neftenbach, 8413, 47.5307206, 8.6573543,
Sent, 7554, 46.8131893, 10.357203,
Meikirch, 3045, 47.0113851, 7.370467400000001,
Schüpfheim, 6170, 46.9431775, 8.019995999999999,
Wislikofen, 5463, 47.5547483, 8.3682055,
Mauensee, 6216, 47.1669948, 8.0744959,
Renens, 1020, 46.53643779999999, 6.5909099,
Bürglen, 6463, 46.8752672, 8.6629247,
Arlesheim, 4144, 47.4953285, 7.628910799999999,
Egg b. Einsiedeln, 8847, 47.1617695, 8.783147699999999,
Grône, 3979, 46.2429599, 7.478195299999999,
Jenins, 7307, 47.0112621, 9.5787176,
Ostermundigen, 3072, 46.9543249, 7.4967031,
Zweisimmen, 3770, 46.5761908, 7.4034662,
Wölflinswil, 5063, 47.460628, 7.9923183,
Gorduno, 6518, 46.2245608, 8.9981203,
Urnäsch, 9107, 47.3001966, 9.2660226,
Inkwil, 3375, 47.2048856, 7.667119400000001,
Disentis, 7180, 46.7264799, 8.8396253,
Kappel, 4616, 46.818188, 8.227511999999999,
Les Vieux-Prés, 2054, 47.078038, 6.9302062,
Obfelden, 8912, 47.2625202, 8.4182852,
Stansstad, 6362, 46.9762413, 8.3427323,
Näfels, 8752, 47.0853812, 9.0008873,
Malix, 7074, 46.8134705, 9.515097899999999,
Full-Reuenthal, 5324, 47.6038445, 8.2028956,
Aigle, 1860, 46.818188, 8.227511999999999,
Hugelshofen, 8565, 47.5963223, 9.118331,
Lüchingen, 9450, 47.3700789, 9.5549856,
Wald, 8636, 47.2832038, 8.9231923,
Wettingen, 5430, 47.4650388, 8.344792,
Glattfelden, 8192, 47.5626514, 8.4956909,
Guntalingen, 8468, 47.6316606, 8.7621018,
Tenna, 7106, 46.7416885, 9.3210091,
Grindelwald, 3818, 46.6000582, 8.0530537,
Rickenbach, 6221, 47.2227566, 8.1534441,
Bellach, 4512, 47.2112945, 7.496582499999999,
Matzingen, 9548, 47.5297165, 8.9272765,
Hägendorf, 4614, 47.3439097, 7.827473599999999,
Rebstein, 9445, 47.3942155, 9.5910894,
Oberriet, 9463, 47.320266, 9.567072999999999,
Staufen, 5603, 47.3821933, 8.160136699999999,
Ossingen, 8475, 47.6150567, 8.7200582,
Goldiwil, 3624, 46.7651516, 7.6666345,
Schmitten, 3185, 46.85504479999999, 7.248840500000001,
Les Charbonnières, 1343, 32.5717705, -117.0915207,
Realp, 6491, 46.5698572, 8.4696935,
Scuol, 7550, 46.7291199, 10.3141052,
Horgenberg, 8815, 47.2479787, 8.5804862,
Erlinsbach, 5018, 47.420277, 8.005061099999999,
Krauchthal, 3326, 47.008117, 7.569896300000001,
Untervaz, 7204, 46.9263513, 9.5102575,
Bonau, 8554, 47.5832323, 9.0337081,
Uetendorf, 3661, 46.7735068, 7.577952199999999,
Trun, 7166, 46.7396941, 8.982044,
Wünnewil, 3184, 46.87106929999999, 7.275707499999999,
Längenbühl, 3636, 46.7600121, 7.524581699999999,
Unterhörstetten, 8508, 47.6322613, 9.0091503,
Maseltrangen, 8723, 47.182677, 9.074615699999999,
Kleinandelfingen, 8451, 47.6081205, 8.6810521,
Luzein, 7242, 46.9220575, 9.7632718,
Dietfurt, 9615, 47.337967, 9.072300199999999,
Klosters, 7250, 46.8390202, 9.9588438,
Huttwil, 4950, 47.1061468, 7.857353000000001,
Reichenbach, 3713, 46.6211024, 7.6775531,
Berg, 8572, 47.579162, 9.177825499999999,
Gland, 1196, 46.818188, 8.227511999999999,
Oberkulm, 5727, 47.2935638, 8.1256447,
Rivera, 6802, 46.1256931, 8.907761299999999,
Rivera, 6802, 46.1256931, 8.907761299999999,
Rifferswil, 8911, 47.2467522, 8.498305799999999,
Schüpfheim, 6170, 46.9431775, 8.019995999999999,
Müllheim, 8555, 47.6032456, 8.9999158,
Brünisried, 1719, 46.818188, 8.227511999999999,
Wyssachen, 4954, 47.0692994, 7.823384099999999,
Attiswil, 4536, 47.2503721, 7.610934299999999,
Le Mont-sur-Lausanne, 1052, 46.818188, 8.227511999999999,
Muttenz, 4132, 47.5236348, 7.6485345,
Grasswil, 3365, 47.1485054, 7.666756,
Embrach, 8424, 47.51062049999999, 8.5961496,
Sax, 9468, 47.2311775, 9.4465031,
Amden, 8873, 47.1697672, 9.174439699999999,
Grabs, 9472, 47.1713913, 9.3958216,
Kriessern, 9451, 47.3660196, 9.6032566,
Waldkirch, 9205, 47.4613393, 9.2879882,
Wolfwil, 4628, 47.2700883, 7.792196300000001,
Bioggio, 6934, 46.0125238, 8.910569899999999,
Weinfelden, 8570, 47.569994, 9.1067558,
Wettingen, 5430, 47.4650388, 8.344792,
Wettingen, 5430, 47.4650388, 8.344792,
Homburg, 8508, 47.6322613, 9.0091503,
Gossau, 9200, 47.4151524, 9.248133600000001,
Grabs, 9472, 47.1713913, 9.3958216,
Oberriet, 9463, 47.320266, 9.567072999999999,
Flums, 8890, 47.0925191, 9.3390396,
Auw, 5644, 47.2170135, 8.368566699999999,
Wohlen bei Bern, 3033, 46.9736918, 7.348957200000001,
Küssnacht am Rigi, 6403, 47.0738515, 8.4466485,
Neuenkirch, 6206, 47.1014681, 8.202509599999999,
Wilen, 6062, 46.873845, 8.2054127,
Zuzwil, 9524, 47.4759087, 9.1073638,
Dussnang, 8374, 47.4285271, 8.9568145,
Oberstammheim, 8477, 47.6288852, 8.7981926,
Köniz, 3098, 46.91087400000001, 7.4148002,
Basel, 4057, 47.574259, 7.5930664,
Villarlod, 1695, 46.818188, 8.227511999999999,
Ruswil, 6017, 47.08397739999999, 8.1263259,
Hinterrhein, 7438, 46.5242087, 9.1836626,
Mosen, 6295, 47.2395576, 8.2274767,
Fischbach-Göslikon, 5525, 47.3709809, 8.3081426,
Unterägeri, 6314, 47.1226008, 8.5818864,
Vicques, 2824, 47.35118000000001, 7.423473099999999,
Egnach, 9322, 47.5458023, 9.374761999999999,
Wettswil, 8907, 47.3351994, 8.467191,
Tenero, 6598, 46.17596229999999, 8.8496653,
Mühlethurnen, 3127, 46.8145192, 7.509710999999999,
Kägiswil, 6056, 46.9191374, 8.2543049,
Brigels, 7165, 46.7896862, 9.0280612,
Brislach, 4225, 47.42171200000001, 7.5493641,
Oeschenbach, 4943, 47.1111228, 7.7486852,
Hinwil, 8340, 47.2993227, 8.8427233,
Beromünster, 6215, 47.219381, 8.200569999999999,
Mühlrüti, 9613, 47.3679063, 8.974447999999999,
Dreien, 9612, 47.3528081, 9.0095269,
Kirchberg, 9533, 47.4175617, 9.033230999999999,
Eschlikon, 8360, 47.4600973, 8.9637335,
Meyrin, 1217, 46.2349075, 6.074979099999999,
Häfelfingen, 4445, 47.4125796, 7.8674743,
Henggart, 8444, 47.5610128, 8.6819537,
Beatenberg, 3803, 46.7189711, 7.8097435,
Esslingen, 8133, 47.2918838, 8.7154242,
Orbe, 1350, 46.818188, 8.227511999999999,
Hefenhofen, 8580, 47.5500718, 9.292343299999999,
Genolier, 1272, 46.818188, 8.227511999999999,
Wattwil, 9630, 47.2901615, 9.0845857,
Bischofszell, 9220, 47.4963339, 9.2530361,
Holziken, 5043, 47.3173282, 8.0331485,
Dierikon, 6036, 47.0964991, 8.372155,
Kaufdorf, 3126, 46.8436201, 7.5115367,
Wichtrach, 3114, 46.84201270000001, 7.5727407,
Grüsch, 7214, 46.9692138, 9.6412028,
S-chanf, 7525, 46.5866833, 10.0537755,
Schiers, 7220, 46.9725548, 9.6884213,
Sent, 7554, 46.8131893, 10.357203,
Laufenburg, 5080, 47.5571986, 8.0589588,
Buochs, 6374, 46.9684622, 8.415329,
Chandolin-près-Saviese, 1965, 46.818188, 8.227511999999999,
Ebnat-Kappel, 9642, 47.2522495, 9.1275795,
Kaisten, 5082, 47.53560179999999, 8.0497939,
Untersiggenthal, 5417, 47.510648, 8.2609423,
Balgach, 9436, 47.4054637, 9.6042275,
Renan, 2616, 47.109051, 6.9027075,
Dürnten, 8635, 47.2800886, 8.836721599999999,
Wil, 9500, 47.4604542, 9.0530887,
Gunten, 3654, 46.72113, 7.6884839,
Benken, 8717, 47.1892867, 8.991218,
Bertschikon, 8543, 47.526602, 8.8401683,
Moudon, 1510, 46.818188, 8.227511999999999,
Niederglatt, 8172, 47.4931606, 8.4992699,
Oberegg, 9413, 47.4174975, 9.5492752,
Cumpadials, 7176, 46.71578479999999, 8.9143499,
Genève, 1205, 46.1902742, 6.146484099999999,
Fahrni, 3617, 46.7975777, 7.6548203,
Melchnau, 4917, 47.1751116, 7.8525961,
Rünenberg, 4497, 47.4315217, 7.878744699999999,
Muhen, 5037, 47.3371722, 8.0658539,
Schöftland, 5040, 47.30601919999999, 8.053993499999999,
Eriswil, 4952, 47.0668953, 7.858390600000001,
Schiers, 7220, 46.9725548, 9.6884213,
Helsighausen, 8558, 47.63907, 9.048458799999999,
Alterswilen, 8573, 47.61008899999999, 9.1630577,
Besenbüren, 5627, 47.3145799, 8.3459672,
Baldingen, 5333, 47.5564638, 8.3108317,
Thierachern, 3634, 46.7543877, 7.5728572,
Thierachern, 3634, 46.7543877, 7.5728572,
Teufen, 9053, 47.3927275, 9.401474499999999,
Ascharina, 7245, 46.9443659, 9.817126799999999,
Praden, 7063, 46.8179928, 9.577639099999999,
Meggen, 6045, 47.0502862, 8.3675336,
Löhningen, 8224, 47.7071391, 8.5514417,
Tuggen, 8856, 47.20307570000001, 8.941439899999999,
Rotkreuz, 6343, 47.1427744, 8.4430747,
Visp, 3930, 46.2874952, 7.8893635,
Wiler, 3428, 47.1532831, 7.558277500000001,
Riniken, 5223, 47.4937943, 8.1862591,
Zweisimmen, 3770, 46.5761908, 7.4034662,
Valchava, 7535, 46.5996682, 10.3963014,
Kirchberg, 9533, 47.4175617, 9.033230999999999,
Bavois, 1372, 32.5717256, -117.0921987,
Weinfelden, 8570, 47.569994, 9.1067558,
Bernhardzell, 9304, 47.4670306, 9.3393955,
Oberwil b. Bueren, 3298, 47.1357446, 7.414608199999999,
Vordemwald, 4803, 47.2706747, 7.8910541,
Saanen, 3792, 46.4560734, 7.2394805,
Glovelier, 2855, 47.3273761, 7.1801473,
Bischofszell, 9220, 47.4963339, 9.2530361,
Dallenwil, 6383, 46.917998, 8.370464,
Lömmenschwil, 9308, 47.4949419, 9.361019899999999,
Echandens, 1026, 46.5371222, 6.5369124,
La Chaux-de-Fonds, 2300, 47.11767829999999, 6.8405667,
Ramsen, 8262, 47.7073214, 8.8102584,
Subingen, 4553, 47.1979814, 7.623639,
Wisen, 4634, 47.3960399, 7.892931699999999,
Baar, 6340, 47.2003879, 8.526752799999999,
Neuendorf, 4623, 47.2964278, 7.802422200000001,
Bärau, 3552, 46.9325494, 7.821303699999999,
Le Lignon, 1219, 46.818188, 8.227511999999999,
Aetigkofen, 4583, 47.1319591, 7.4727155,
Hellsau, 3429, 47.1430412, 7.638568100000001,
Oberriet, 9463, 47.320266, 9.567072999999999,
Trasadingen, 8219, 47.6692974, 8.4266051,
Kriessern, 9451, 47.3660196, 9.6032566,
Rorschacherberg, 9404, 47.4636842, 9.4995988,
Heldswil, 9216, 47.5163837, 9.2193455,
Benken, 8463, 47.6592908, 8.6598474,
Genève, 1202, 46.818188, 8.227511999999999,
Frauenfeld, 8501, 46.818188, 8.227511999999999,
Avry-devant-Pont, 1644, 46.818188, 8.227511999999999,
Märstetten, 8560, 47.5878496, 9.069190299999999,
Neuenkirch, 6206, 47.1014681, 8.202509599999999,
Stehrenberg, 9503, 47.524371, 9.0889954,
Luzern, 6003, 47.0484552, 8.2920023,
Schwarzenbach, 6215, 47.219381, 8.200569999999999,
Zürich, 8055, 47.3627973, 8.4936631,
Pusserein, 7228, 47.0034293, 9.7574876,
Seeberg, 3365, 47.1485054, 7.666756,
Anwil, 4469, 47.4542491, 7.942283100000001,
Pieterlen, 2542, 47.1714011, 7.317576,
Madiswil, 4934, 47.1582636, 7.812176999999999,
Thörigen, 3367, 47.1630398, 7.742035699999999,
Schüpfen, 3054, 47.030614, 7.375456199999999,
Küssnacht am Rigi, 6403, 47.0738515, 8.4466485,
Herisau, 9100, 47.3823758, 9.286793,
Dettighofen (Lengwil), 8574, 47.6168339, 9.202468699999999,
Frutigen, 3714, 46.5992099, 7.6424435,
Hellbühl, 6016, 47.0726649, 8.194188,
Ellighausen, 8566, 47.6129949, 9.1268051,
Wiliberg, 5058, 47.2679996, 8.017692,
Corgémont, 2606, 47.18240549999999, 7.1436021,
Rüti, 8630, 47.258089, 8.8664545,
Krummenau, 9643, 47.2601658, 9.1822847,
Unterseen, 3800, 46.6871831, 7.848015299999999,
Amden, 8873, 47.1697672, 9.174439699999999,
Appenzell, 9050, 47.32678900000001, 9.4228294,
Surcuolm, 7138, 46.7550921, 9.1558896,
Mosnang, 9607, 47.3631793, 9.0343127,
Wölflinswil, 5063, 47.460628, 7.9923183,
Graben, 3376, 47.22141269999999, 7.7132694,
Chavannes-Sous-Orsonnens, 1694, 46.7034132, 7.0011483,
Säriswil, 3049, 46.991434, 7.3388638,
Kirchlindach, 3038, 46.99878020000001, 7.414235100000001,
Langnau, 3550, 46.9349318, 7.7864583,
Ufhusen, 6153, 47.1037285, 7.892416300000001,
Gasel, 3144, 46.899072, 7.4087902,
Schaffhausen, 8200, 47.7114176, 8.626544899999999,
Dottikon, 5605, 47.3762402, 8.2430298,
Ettingen, 4107, 47.4709326, 7.5505014,
Erstfeld, 6472, 46.8033393, 8.5994797,
Gähwil, 9534, 47.3974541, 9.0015436,
Waldkirch, 9205, 47.4613393, 9.2879882,
Jona, 8645, 47.2301899, 8.8455398,
Sempach, 6204, 47.14074189999999, 8.201868,
Zofingen, 4800, 47.28588860000001, 7.955228599999999,
Burgdorf, 3401, 46.818188, 8.227511999999999,
Thierachern, 3634, 46.7543877, 7.5728572,
Schaffhausen, 8200, 47.7114176, 8.626544899999999,
Thayngen, 8240, 47.7447496, 8.7107153,
Oberwil b. Büren, 3298, 47.1357446, 7.414608199999999,
Grossaffoltern, 3257, 47.0705883, 7.362277299999999,
Hellsau, 3429, 47.1430412, 7.638568100000001,
Remigen, 5236, 47.5157263, 8.1891195,
Dietlikon, 8305, 47.4227353, 8.615258899999999,
Commugny, 1291, 46.818188, 8.227511999999999,
Bösingen, 3178, 46.88358059999999, 7.232165500000001,
Küsnacht, 8700, 47.3184279, 8.5927209,
Altstätten, 9450, 47.3700789, 9.5549856,
Selzach, 2545, 47.2121208, 7.446418599999999,
Hellbühl, 6016, 47.0726649, 8.194188,
Lengnau, 5426, 47.5256823, 8.3261442,
Hirschthal, 5042, 47.3148342, 8.068528299999999,
Winterthur, 8400, 47.485687, 8.7292922,
Wattwil, 9630, 47.2901615, 9.0845857,
Château d'Oex, 1660, 46.818188, 8.227511999999999,
Mittelhäusern, 3147, 46.8747542, 7.3702421,
L'Orient, 1341, 46.818188, 8.227511999999999,
Bigenthal, 3513, 46.9746787, 7.6317862,
Heiligkreuz, 8888, 47.0696525, 9.408082799999999,
Heiligkreuz, 8888, 47.0696525, 9.408082799999999,
Holderbank, 4718, 47.3301917, 7.739896099999999,
Rorbas, 8427, 47.5361434, 8.5855418,
Rorbas, 8427, 47.5361434, 8.5855418,
Frauenfeld, 8500, 47.5624565, 8.8883133,
Rafz, 8197, 47.6083878, 8.546168999999999,
Urtenen-Schönbühl, 3322, 47.0223166, 7.5028673,
Buttisholz, 6018, 47.114231, 8.0923935,
Halten, 4566, 47.1742749, 7.6113397,
Bretzwil, 4207, 47.3953234, 7.649900199999999,
Inwil, 6034, 47.1287795, 8.366640199999999,
Buttikon, 8863, 47.1633222, 8.946409599999999,
Nesslau, 9650, 47.2081104, 9.1868699,
Kiesen, 3629, 46.811766, 7.5881589,
Pfyn, 8505, 47.6070377, 8.9517001,
Ayent, 1966, 46.818188, 8.227511999999999,
Oberentfelden, 5036, 47.3559405, 8.0440911,
Uttwil, 8592, 47.5760587, 9.3381631,
Ruswil, 6017, 47.08397739999999, 8.1263259,
Rheinfelden, 4310, 47.5520509, 7.812721,
Romanel-Sur-Lausanne, 1032, 46.5644263, 6.6088103,
Attelwil, 5056, 47.262211, 8.04757,
Pfeffingen, 4148, 47.4566783, 7.579612399999999,
Siblingen, 8225, 47.7195387, 8.5183119,
Romoos, 6113, 47.002329, 8.0129018,
Höchstetten, 3429, 47.1430412, 7.638568100000001,
Wallenbuch, 3206, 46.9426262, 7.2237957,
Berg, 8572, 47.579162, 9.177825499999999,
Stein am Rhein, 8260, 47.6665494, 8.856196599999999,
Langenbruck, 4438, 47.3523546, 7.775877299999999,
Rottenschwil, 8919, 47.315906, 8.3614839,
Krummenau, 9643, 47.2601658, 9.1822847,
Horw, 6048, 47.0249599, 8.3121008,
Basel, 4053, 47.54061230000001, 7.5975674,
Hägendorf, 4614, 47.3439097, 7.827473599999999,
Hüttwilen, 8536, 47.613619, 8.867386999999999,
Burgdorf, 3400, 46.818188, 8.227511999999999,
Burgdorf, 3400, 46.818188, 8.227511999999999,
Mettmenstetten, 8932, 47.2437564, 8.4626854,
Häggenschwil, 9312, 47.48944789999999, 9.337500100000002,
Züberwangen, 9523, 47.4650562, 9.0884573,
Zollbrück, 3436, 46.9748736, 7.7737278,
Heiden, 9410, 47.441412, 9.5293867,
Schüpfheim, 6170, 46.9431775, 8.019995999999999,
Küsnacht, 8700, 47.3184279, 8.5927209,
Noflen, 3116, 46.8148227, 7.542035999999999,
Ormalingen, 4466, 47.4710544, 7.877688000000001,
Dreifachturnhalle Maihof, 8834, 47.1721108, 8.7059603,
Trub, 3556, 46.9720887, 7.885568899999999,
Aarberg, 3270, 47.0461703, 7.2853974,
Selzach, 2545, 47.2121208, 7.446418599999999,
Kriegstetten, 4566, 47.1742749, 7.6113397,
Büren zum Hof, 3313, 47.0974263, 7.513861200000001,
Niederurnen, 8867, 47.1262043, 9.0537406,
Meierskappel, 6344, 47.1157175, 8.4440606,
Salez, 9465, 47.23676769999999, 9.497722,
Tschugg, 3233, 47.0225938, 7.0772321,
Deitingen, 4543, 47.2198713, 7.6265451,
Ulisbach, 9631, 47.28513359999999, 9.1167071,
Affoltern, 3416, 47.06603870000001, 7.7274954,
Härkingen, 4624, 47.3026642, 7.819096600000001,
Corcelles, 2747, 47.29672919999999, 7.5043034,
Sumiswald, 3454, 47.028436, 7.744630199999999,
Riehen, 4125, 47.58265900000001, 7.652434,
Scherz, 5246, 47.4472086, 8.1818971,
Eschenz, 8264, 47.6329746, 8.873453999999999,
Eschenz, 8264, 47.6329746, 8.873453999999999,
Entlebuch, 6162, 46.9748961, 8.124259499999999,
Lanzenhäusern, 3148, 46.8434208, 7.3650479,
Grasswil, 3365, 47.1485054, 7.666756,
Hondrich, 3702, 46.6717358, 7.682454999999999,
Gipf-Oberfrick, 5073, 47.5001816, 7.991391399999999,
Bowil, 3533, 46.8917395, 7.7038103,
Ebersecken, 6245, 47.1790691, 7.937291399999999,
Fieschertal, 3984, 46.4827768, 8.0668078,
Schlatt, 8252, 47.6662411, 8.6988943,
Meinisberg, 2554, 47.1621198, 7.347645399999999,
Vernier, 1214, 46.2153264, 6.0819838,
Frick, 5070, 47.5082066, 8.0178304,
Recherswil, 4565, 47.1602107, 7.6016374,
Aeschi, 3703, 46.6156611, 7.757983599999999,
Osterfingen, 8218, 47.6613214, 8.500813599999999,
Grosswangen, 6022, 47.1367735, 8.0509437,
Gunzwil, 6222, 47.1921984, 8.1686856,
Brig, 3900, 46.3060531, 7.9539715,
Römerswil, 6027, 47.1670368, 8.2455246,
Ohmstal, 6143, 47.1607981, 7.9530917,
Hergiswil, 6133, 47.0648206, 7.959008,
Hergiswil, 6133, 47.0648206, 7.959008,
Essertines-sur-Yverdon, 1417, 46.818188, 8.227511999999999,
Zeiningen, 4314, 47.5427335, 7.876497899999999,
Langnau, 3550, 46.9349318, 7.7864583,
Ruswil, 6017, 47.08397739999999, 8.1263259,
Orpund, 2552, 47.1406218, 7.3008107,
Berneck, 9442, 47.4246872, 9.6107587,
Seewil, 3256, 47.0557112, 7.440894,
Rengg, 6162, 46.9748961, 8.124259499999999,
Rehetobel, 9038, 47.4262023, 9.474608,
Itingen, 4452, 47.4625964, 7.785113000000001,
Grossaffoltern, 3257, 47.0705883, 7.362277299999999,
Ruswil, 6017, 47.08397739999999, 8.1263259,
Heimenhausen, 3373, 47.21516769999999, 7.696684500000001,
Kriens, 6010, 47.0223002, 8.2813683,
Rheinfelden, 4310, 47.5520509, 7.812721,
Densbüren, 5026, 47.45563689999999, 8.0633576,
Ennetbühl, 9651, 47.2406607, 9.271133299999999,
Schenkon, 6214, 47.1850966, 8.130626,
Quartino, 6572, 46.153111, 8.8956863,
Allenwinden, 6319, 47.1667278, 8.5498824,
Wilihof, 6236, 47.2215961, 8.066045899999999,
Gams, 9473, 47.2077199, 9.432517599999999,
Dietikon, 8953, 47.4018479, 8.399013799999999,
Stein, 4332, 47.5448771, 7.9525948,
Wil, 8196, 47.6110714, 8.510228099999999,
Schwellbrunn, 9103, 47.346843, 9.2381596,
Niederbuchsiten, 4626, 47.2883757, 7.776294799999999,
Wauwil, 6242, 47.18212949999999, 8.033870799999999,
Stans, 6370, 46.95191089999999, 8.374485199999999,
Ennetmoos, 6372, 46.9405596, 8.329259200000001,
Urswil, 6280, 47.15401180000001, 8.2898259,
Schüpfheim, 6170, 46.9431775, 8.019995999999999,
Haslen, 9054, 47.3676515, 9.368072399999999,
Nottwil, 6207, 47.1257257, 8.137588,
Hagenwil b. Amriswil, 8580, 47.5500718, 9.292343299999999,
Merzligen, 3274, 47.0779876, 7.246523199999999,
Au, 9434, 47.4295975, 9.6404297,
Kloten, 8302, 47.45265089999999, 8.5785757,
Frauenfeld, 8500, 47.5624565, 8.8883133,
Ortschwaben, 3042, 46.9936184, 7.399657700000001,
Lumbrein, 7148, 46.6852656, 9.1152836,
Ruswil, 6017, 47.08397739999999, 8.1263259,
Hägglingen, 5607, 47.3920655, 8.2627638,
Marbach, 9437, 47.3851158, 9.581794300000002,
Menznau, 6122, 47.0738989, 8.0390977,
Wolhusen, 6110, 47.0618181, 8.0714915,
Boudry, 2017, 46.818188, 8.227511999999999,
Uettligen, 3043, 46.99141729999999, 7.377042599999999,
Suberg, 3262, 47.0550515, 7.3376573,
Schongau, 6288, 47.2632675, 8.2735466,
Poliez-Pittet, 1041, 46.6350262, 6.685364799999999,
Hinwil, 8340, 47.2993227, 8.8427233,
L'Isle, 1148, 46.6365129, 6.4056372,
Basel, 4058, 47.5656032, 7.611773100000001,
Weissenburg, 3764, 46.67297079999999, 7.481164199999999,
Wyssachen, 4954, 47.0692994, 7.823384099999999,
Pratteln, 4133, 47.52046790000001, 7.695735300000001,
Villy, 1867, 46.818188, 8.227511999999999,
Eggersriet, 9034, 47.43948169999999, 9.463542499999999,
Schötz, 6247, 47.1661745, 7.9814981,
Selzach, 2545, 47.2121208, 7.446418599999999,
Gadmen, 3863, 46.6942435, 8.3641156,
Rothrist, 4852, 47.30043149999999, 7.8873473,
Rickenbach, 6432, 46.818188, 8.227511999999999,
Gasel, 3144, 46.899072, 7.4087902,
Bursins, 1183, 46.818188, 8.227511999999999,
Ebersecken, 6245, 47.1790691, 7.937291399999999,
Sins, 5643, 47.19909879999999, 8.3783604,
Etziken, 4554, 47.1893868, 7.6421293,
Cresta (Avers), 7447, 46.4574928, 9.5229094,
Dornach, 4143, 47.4759407, 7.6236993,
Rapperswil, 3255, 47.0638504, 7.4104389,
Abtwil SG, 9030, 47.4227854, 9.317473399999999,
Schlierbach, 6231, 47.2252741, 8.118118100000002,
Affoltern im Emmental, 3416, 47.06603870000001, 7.7274954,
Russikon, 8332, 47.3955327, 8.777935900000001,
Sempach-Station, 6203, 47.1198329, 8.2198171,
Uffikon, 6253, 47.21044010000001, 8.017634,
Basel, 4053, 47.54061230000001, 7.5975674,
Egliswil, 5704, 47.3480654, 8.1895463,
Kaisten, 5082, 47.53560179999999, 8.0497939,
Opfikon, 8152, 47.4289624, 8.5653092,
Aubonne, 1170, 46.818188, 8.227511999999999,
Neuendorf, 4623, 47.2964278, 7.802422200000001,
Cugy, 1053, 46.5911157, 6.649315499999999,
Mettlen, 9517, 47.5364443, 9.123776699999999,
Mühleberg, 3203, 46.9596448, 7.263253799999999,
Gurzelen, 3663, 46.7757953, 7.5434028,
Lupfig, 5242, 47.4349868, 8.214691499999999,
Lanzenhäusern, 3148, 46.8434208, 7.3650479,
Uettligen, 3043, 46.99141729999999, 7.377042599999999,
Ziegelbrücke, 8866, 47.1369139, 9.0630186,
Füllinsdorf, 4414, 47.5106069, 7.7321246,
Schüpfheim, 6170, 46.9431775, 8.019995999999999,
Buchs, 9470, 47.16972879999999, 9.4752513,
Basel, 4058, 47.5656032, 7.611773100000001,
Präz / Plaun, 7424, 46.7453548, 9.3950169,
Abtwil, 9030, 47.4227854, 9.317473399999999,
Küblis, 7240, 46.9178837, 9.7833466,
Laufenburg, 5080, 47.5571986, 8.0589588,
Kriens, 6010, 47.0223002, 8.2813683,
Zug, 6300, 47.15582999999999, 8.5314882,
Aesch, 6287, 47.2583926, 8.2389682,
Surrein, 7173, 46.677464, 8.968366500000002,
Walenstadt, 8880, 47.124147, 9.312686099999999,
Zürich, 8055, 47.3627973, 8.4936631,
Unterägeri, 6314, 47.1226008, 8.5818864,
Eich, 6205, 47.1603059, 8.1685081,
Zug, 6300, 47.15582999999999, 8.5314882,
Lajoux, 2718, 47.2811887, 7.1330711,
Eriswil, 4952, 47.0668953, 7.858390600000001,
Rougemont, 1659, 46.818188, 8.227511999999999,
Gossau, 9200, 47.4151524, 9.248133600000001,
Arlesheim, 4144, 47.4953285, 7.628910799999999,
Pignia, 7443, 46.6028594, 9.468848699999999,
Trübbach, 9477, 47.07754080000001, 9.4904919,
Ebikon, 6030, 47.08164499999999, 8.3407354,
Bergdietikon, 8962, 47.3860478, 8.3791652,
Sent, 7554, 46.8131893, 10.357203,
Ebersecken, 6245, 47.1790691, 7.937291399999999,
Ebnet, 6163, 47.0217758, 8.0839699,
Hendschiken, 5604, 47.3858289, 8.2125518,
Ebnet, 6163, 47.0217758, 8.0839699,
Waltenschwil, 5622, 47.3329265, 8.2969192,
Egolzwil, 6243, 47.1819903, 8.0009062,
Bern, 3006, 46.9462427, 7.4710474,
Basel, 4052, 47.5484185, 7.610165400000001,
Zeiningen, 4314, 47.5427335, 7.876497899999999,
Hüswil, 6152, 47.1295662, 7.908548199999999,
Degersheim, 9113, 47.36995830000001, 9.1964005,
Hämikon, 6289, 47.2422948, 8.291543899999999,
Liestal, 4410, 47.4889962, 7.7232323,
Kallern, 5625, 47.3136422, 8.291278199999999,
Rickenbach, 6221, 47.2227566, 8.1534441,
Zürich, 8055, 47.3627973, 8.4936631,
Zürich, 8055, 47.3627973, 8.4936631,
Frutigen, 3714, 46.5992099, 7.6424435,
Thun, 3600, 46.818188, 8.227511999999999,
Azmoos, 9478, 47.0909084, 9.418216,
Oberbalm, 3096, 46.86735239999999, 7.4093145,
Mettmenstetten, 8932, 47.2437564, 8.4626854,
Luzern, 6002, 46.818188, 8.227511999999999,
Full-Reuenthal, 5324, 47.6038445, 8.2028956,
St.Gallen, 9015, 47.4080948, 9.3045072,
Taegerwilen, 8274, 47.647322, 9.1316841,
Eriswil, 4952, 47.0668953, 7.858390600000001,
Schwendibach, 3624, 46.7651516, 7.6666345,
Sempach, 6204, 47.14074189999999, 8.201868,
Jegenstorf, 3303, 47.0519193, 7.498883799999999,
Seigneux, 1525, 46.818188, 8.227511999999999,
Finsterwald, 6162, 46.9748961, 8.124259499999999,
Ufhusen, 6153, 47.1037285, 7.892416300000001,
Zug, 6300, 47.15582999999999, 8.5314882,
Guntmadingen, 8223, 47.6771345, 8.5546624,
Basel, 4058, 47.5656032, 7.611773100000001,
Basel, 4058, 47.5656032, 7.611773100000001,
Arlesheim, 4144, 47.4953285, 7.628910799999999,
Carouge, 1227, 46.818188, 8.227511999999999,
Hohenrain, 6276, 47.1811341, 8.3218395,
Finsterwald, 6162, 46.9748961, 8.124259499999999,
Genève, 1209, 46.818188, 8.227511999999999,
Villmergen, 5612, 47.3446612, 8.236875,
Grosswangen, 6022, 47.1367735, 8.0509437,
Oberiberg, 8843, 47.030662, 8.759293999999999,
Kaltacker, 3413, 47.0803604, 7.660232000000001,
Birsfelden, 4127, 47.5520922, 7.6291704,
Birsfelden, 4127, 47.5520922, 7.6291704,
Aigle, 1860, 46.818188, 8.227511999999999,
Penthalaz, 1305, 46.818188, 8.227511999999999,
Wisen, 4634, 47.3960399, 7.892931699999999,
Lausanne, 1005, 46.52013909999999, 6.6427496,
Eschenbach, 6274, 47.1226199, 8.316711699999999,
Vuisternens-en-Ogoz, 1696, 46.6999066, 7.0581245,
Waldkirch, 9205, 47.4613393, 9.2879882,
Littau, 6014, 47.0588407, 8.2500796,
Nidau, 2560, 47.1246634, 7.243721299999999,
Romanshorn, 8590, 47.5644239, 9.3591783,
Meyrin, 1217, 46.2349075, 6.074979099999999,
Altwis, 6286, 47.2426683, 8.2524742,
Geiss, 6123, 47.09145609999999, 8.067970599999999,
Wilchingen, 8217, 47.6648801, 8.4528505,
Emmen, 6032, 47.0938162, 8.308271999999999,
Ebikon, 6030, 47.08164499999999, 8.3407354,
Zürich, 8055, 47.3627973, 8.4936631,
Schaffhausen, 8200, 47.7114176, 8.626544899999999,
Muhen, 5037, 47.3371722, 8.0658539,
Ittigen, 3063, 46.9824346, 7.4776246,
Wolfwil, 4628, 47.2700883, 7.792196300000001,
Zweisimmen, 3770, 46.5761908, 7.4034662,
Gelfingen, 6284, 47.2156126, 8.286759199999999,
Ormalingen, 4466, 47.4710544, 7.877688000000001,
Lausanne, 1000, 46.818188, 8.227511999999999,
Lenzburg, 5600, 47.3778731, 8.1860746,
Rüti, 8630, 47.258089, 8.8664545,
Unterstammheim, 8476, 47.6491791, 8.7921751,
Trübbach, 9477, 47.07754080000001, 9.4904919,
Steinach, 9323, 47.4985985, 9.436729099999999,
Zürich, 8055, 47.3627973, 8.4936631,
Münsingen, 3110, 46.8722757, 7.5572966,
Wölflinswil, 5063, 47.460628, 7.9923183,
Murzelen, 3034, 46.9759147, 7.314321100000001,
Burgdorf, 3400, 46.818188, 8.227511999999999,
Wil, 9500, 47.4604542, 9.0530887,
Spiegel b.Bern, 3095, 46.92543149999999, 7.434743099999999,
Sarnen, 6060, 46.9038736, 8.2289979,
Gonten, 9108, 47.3135227, 9.3443465,
Oberdiessbach, 3672, 46.8373954, 7.6420254,
Cudrefin, 1588, 46.9548174, 7.028313,
Gams, 9473, 47.2077199, 9.432517599999999,
Waldkirch, 9205, 47.4613393, 9.2879882,
Mellikon, 5465, 47.561336, 8.345768699999999,
Naters, 3904, 46.3386976, 7.9851752,
Provence, 1428, 32.5706201, -117.0920723,
Sigigen, 6019, 47.0568262, 8.141764499999999,
Luzein, 7242, 46.9220575, 9.7632718,
Röthenbach, 3373, 47.21516769999999, 7.696684500000001,
Muttenz, 4132, 47.5236348, 7.6485345,
Spiez, 3700, 46.6901725, 7.6610777,
Schmidrüti, 8495, 47.4229427, 8.9128229,
Ilanz, 7130, 46.7712522, 9.197411599999999,
Kilchberg, 8802, 47.3198115, 8.5414899,
Tenna, 7106, 46.7416885, 9.3210091,
Ayent, 1966, 46.818188, 8.227511999999999,
Eschenbach, 6274, 47.1226199, 8.316711699999999,
Vattiz, 7146, 46.7106708, 9.132503999999999,
Läufelfingen, 4448, 47.391428, 7.8526024,
Wittnau, 5064, 47.4824671, 7.9622572,
Wollerau, 8832, 47.1934879, 8.7155642,
Mörschwil, 9402, 47.4697047, 9.4270931,
Etoy, 1163, 46.4856009, 6.4228406,
Waldkirch, 9205, 47.4613393, 9.2879882,
Elsau, 8352, 47.49947969999999, 8.8071463,
Freidorf, 9306, 47.4854814, 9.3858009,
Gland, 1196, 46.818188, 8.227511999999999,
Recherswil, 4565, 47.1602107, 7.6016374,
Unterstammheim, 8476, 47.6491791, 8.7921751,
Arnegg, 9212, 47.4418731, 9.2537805,
Niederbüren, 9246, 47.4619009, 9.220146699999999,
Mühlrüti, 9613, 47.3679063, 8.974447999999999,
Davos Clavadel, 7272, 46.7209578, 9.856140199999999,
Küttigen, 5024, 47.4274549, 8.0432782,
Thalheim, 5112, 47.4434508, 8.0961387,
Seewis Dorf, 7212, 47.0136232, 9.637891699999999,
Sissach, 4450, 47.4736973, 7.8031928,
Kappel am Albis, 8926, 47.2235656, 8.512538,
Oberhof, 5062, 47.43962, 8.010523000000001,
Dornach, 4143, 47.4759407, 7.6236993,
St. Gallen, 9014, 47.4082855, 9.332389,
Oberdiessbach, 3672, 46.8373954, 7.6420254,
Heitenried, 1714, 46.8305302, 7.300363,
Trübbach, 9477, 47.07754080000001, 9.4904919,
Leuk-Stadt, 3953, 46.3352558, 7.612349,
Horw, 6048, 47.0249599, 8.3121008,
Gränichen, 5722, 47.3487239, 8.111316000000002,
Goldau, 6410, 47.0415487, 8.5513689,
Eschenbach, 6274, 47.1226199, 8.316711699999999,
Saint-Livres, 1176, 46.818188, 8.227511999999999,
Illighausen, 8574, 47.6168339, 9.202468699999999,
Buttenried, 3203, 46.9596448, 7.263253799999999,
Zweisimmen, 3770, 46.5761908, 7.4034662,
Grosswangen, 6022, 47.1367735, 8.0509437,
Aesch LU, 6287, 47.2583926, 8.2389682,
Heiden, 9410, 47.441412, 9.5293867,
Meyrin, 1217, 46.2349075, 6.074979099999999,
Grub, 9036, 47.4552059, 9.5122833,
Sargans, 7320, 47.0540051, 9.4488629,
Enggistein, 3077, 46.9304589, 7.5992916,
Menzberg, 6125, 47.0423485, 8.000362299999999,
Birwinken, 8585, 47.5849202, 9.2293009,
Berg, 9305, 47.4883057, 9.4115634,
Staad, 9422, 47.4772439, 9.5445799,
Murzelen, 3034, 46.9759147, 7.314321100000001,
Rüti, 8630, 47.258089, 8.8664545,
Schwanden, 3433, 46.9803822, 7.6924017,
Krattigen, 3704, 46.6561235, 7.7338674,
Schönengrund, 9105, 47.3276201, 9.2318877,
Möriken, 5103, 47.4162233, 8.1827578,
Reckingen, 3998, 46.4592672, 8.2598737,
Les Mosses, 1862, 46.818188, 8.227511999999999,
Grandson, 1422, 32.5706112, -117.0919344,
Uettligen, 3043, 46.99141729999999, 7.377042599999999,
Chur, 7000, 46.84823, 9.5084689,
Volketswil, 8604, 47.391014, 8.675747699999999,
Schöftland, 5040, 47.30601919999999, 8.053993499999999,
Bettlach, 2544, 47.2039878, 7.4206019,
Sirnach, 8370, 47.4642575, 9.005042399999999,
Marthalen, 8460, 47.621445, 8.6359969,
Hundwil, 9064, 47.3399971, 9.3222332,
Dussnang, 8374, 47.4285271, 8.9568145,
Meilen, 8706, 47.28415680000001, 8.6552506,
Kriessern, 9451, 47.3660196, 9.6032566,
Mühlrüti, 9613, 47.3679063, 8.974447999999999,
Röthenbach i. E., 3538, 46.8598762, 7.742323799999999,
Dielsdorf, 8157, 47.4764856, 8.4577034,
Thörigen, 3367, 47.1630398, 7.742035699999999,
Erstfeld, 6472, 46.8033393, 8.5994797,
Giubiasco, 6512, 46.1735877, 9.0027063,
Calfreisen, 7027, 46.8444975, 9.6110587,
Recherswil, 4565, 47.1602107, 7.6016374,
Lützelflüh-Goldbach, 3432, 47.0055543, 7.681473,
Hoffeld, 9114, 47.3516903, 9.1781557,
Flumserberg Bergheim, 8896, 47.097108, 9.3129846,
Engelberg, 6390, 46.80517, 8.444592199999999,
Opfershofen, 8584, 47.5615339, 9.1813979,
Bischofszell, 9220, 47.4963339, 9.2530361,
Gossau, 9200, 47.4151524, 9.248133600000001,
St. Gallen, 9016, 47.4408258, 9.417473,
St. Gallen, 9016, 47.4408258, 9.417473,
Dussnang, 8374, 47.4285271, 8.9568145,
Buch bei Frauenfeld, 8524, 47.5864622, 8.8342485,
Stierva, 7459, 46.6661893, 9.5264546,
Malters, 6102, 47.03428479999999, 8.1831137,
Hölstein, 4434, 47.4260906, 7.778102100000001,
Menznau, 6122, 47.0738989, 8.0390977,
Ittigen, 3063, 46.9824346, 7.4776246,
Neuenegg, 3176, 46.9087039, 7.297048099999999,
Münsingen, 3110, 46.8722757, 7.5572966,
Bern, 3008, 46.942621, 7.414277599999998,
Kriens, 6010, 47.0223002, 8.2813683,
Châtelaine, 1219, 46.818188, 8.227511999999999,
Lyssach, 3421, 47.0657849, 7.585278299999999,
Bonstetten, 8906, 47.3176744, 8.4710539,
Lutzenberg, 9426, 47.4586875, 9.5740813,
Cudrefin, 1588, 46.9548174, 7.028313,
Buchen, 7223, 46.9351528, 9.724760999999999,
Homburg, 8508, 47.6322613, 9.0091503,
Engwang, 8556, 47.6003865, 9.0360949,
Pfäffikon, 8330, 47.3722412, 8.7921111,
Turtmann, 3946, 46.2981741, 7.697909999999999,
Yverdon les Bains, 1400, 46.818188, 8.227511999999999,
Corbeyrier, 1856, 46.818188, 8.227511999999999,
Lignières, 2523, 47.0902682, 7.050162900000001,
Ortschwaben, 3042, 46.9936184, 7.399657700000001,
Au-Wädenswil, 8804, 47.2430517, 8.6457423,
Lupsingen, 4419, 47.4439729, 7.695993099999999,
Wynigen, 3472, 47.09881540000001, 7.6770722,
Jonschwil, 9243, 47.42772, 9.0918706,
Horw, 6048, 47.0249599, 8.3121008,
Brugg, 5200, 47.4824134, 8.2072208,
Erschwil, 4228, 47.3725382, 7.5482251,
Reichenbach im Kandertal, 3713, 46.6211024, 7.6775531,
Rosshäusern, 3204, 46.9293689, 7.278932999999999,
Aigle, 1860, 46.818188, 8.227511999999999,
Stäfa, 8712, 47.248963, 8.729599499999999,
Flühli, 6173, 46.8840955, 8.0270584,
Waltensburg, 7158, 46.8102009, 9.0768934,
Niedergesteln, 3942, 46.3367598, 7.804152599999998,
Uettligen, 3043, 46.99141729999999, 7.377042599999999,
Mümliswil, 4717, 47.3571309, 7.705361799999999,
Graltshausen, 8572, 47.579162, 9.177825499999999,
Berneck, 9442, 47.4246872, 9.6107587,
Gümmenen, 3205, 46.9411674, 7.2468286,
Lyssach, 3421, 47.0657849, 7.585278299999999,
Donat, 7433, 46.6243833, 9.3852359,
Winterthur, 8406, 47.4875152, 8.705355899999999,
Lohn-Ammannsegg, 4573, 47.1700441, 7.5271691,
Urnäsch, 9107, 47.3001966, 9.2660226,
Chevroux, 1545, 46.818188, 8.227511999999999,
Härkingen, 4624, 47.3026642, 7.819096600000001,
Walliswil, 3377, 47.2282053, 7.685328999999999,
Ebnat-Kappel, 9642, 47.2522495, 9.1275795,
Gysenstein, 3503, 46.89172629999999, 7.5948248,
La Comballaz, 1862, 46.818188, 8.227511999999999,
Binningen, 4102, 47.5379528, 7.570991899999999,
Altstätten, 9450, 47.3700789, 9.5549856,
Teufen, 9053, 47.3927275, 9.401474499999999,
Küttigen, 5024, 47.4274549, 8.0432782,
Oberegg, 9413, 47.4174975, 9.5492752,
Ennetbürgen, 6373, 46.9884748, 8.4092693,
Schenkon, 6214, 47.1850966, 8.130626,
Oberegg, 9413, 47.4174975, 9.5492752,
Niederbuchsiten, 4626, 47.2883757, 7.776294799999999,
Zollikon, 8702, 47.3412216, 8.5844266,
Pfaffnau, 6264, 47.2304846, 7.903808,
Lausanne, 1010, 46.818188, 8.227511999999999,
Malters, 6102, 47.03428479999999, 8.1831137,
Gross, 8841, 47.1038613, 8.7637544,
Oberbüren, 9245, 47.4518136, 9.161289199999999,
Birri, 5628, 47.2861314, 8.364799,
Neftenbach, 8413, 47.5307206, 8.6573543,
Sent, 7554, 46.8131893, 10.357203,
Meikirch, 3045, 47.0113851, 7.370467400000001,
Schüpfheim, 6170, 46.9431775, 8.019995999999999,
Wislikofen, 5463, 47.5547483, 8.3682055,
Mauensee, 6216, 47.1669948, 8.0744959,
Renens, 1020, 46.53643779999999, 6.5909099,
Bürglen, 6463, 46.8752672, 8.6629247,
Arlesheim, 4144, 47.4953285, 7.628910799999999,
Egg b. Einsiedeln, 8847, 47.1617695, 8.783147699999999,
Grône, 3979, 46.2429599, 7.478195299999999,
Jenins, 7307, 47.0112621, 9.5787176,
Ostermundigen, 3072, 46.9543249, 7.4967031,
Zweisimmen, 3770, 46.5761908, 7.4034662,
Wölflinswil, 5063, 47.460628, 7.9923183,
Gorduno, 6518, 46.2245608, 8.9981203,
Urnäsch, 9107, 47.3001966, 9.2660226,
Inkwil, 3375, 47.2048856, 7.667119400000001,
Disentis, 7180, 46.7264799, 8.8396253,
Kappel, 4616, 46.818188, 8.227511999999999,
Les Vieux-Prés, 2054, 47.078038, 6.9302062,
Obfelden, 8912, 47.2625202, 8.4182852,
Stansstad, 6362, 46.9762413, 8.3427323,
Näfels, 8752, 47.0853812, 9.0008873,
Malix, 7074, 46.8134705, 9.515097899999999,
Full-Reuenthal, 5324, 47.6038445, 8.2028956,
Aigle, 1860, 46.818188, 8.227511999999999,
Hugelshofen, 8565, 47.5963223, 9.118331,
Lüchingen, 9450, 47.3700789, 9.5549856,
Wald, 8636, 47.2832038, 8.9231923,
Wettingen, 5430, 47.4650388, 8.344792,
Glattfelden, 8192, 47.5626514, 8.4956909,
Guntalingen, 8468, 47.6316606, 8.7621018,
Tenna, 7106, 46.7416885, 9.3210091,
Grindelwald, 3818, 46.6000582, 8.0530537,
Rickenbach, 6221, 47.2227566, 8.1534441,
Bellach, 4512, 47.2112945, 7.496582499999999,
Matzingen, 9548, 47.5297165, 8.9272765,
Hägendorf, 4614, 47.3439097, 7.827473599999999,
Rebstein, 9445, 47.3942155, 9.5910894,
Oberriet, 9463, 47.320266, 9.567072999999999,
Staufen, 5603, 47.3821933, 8.160136699999999,
Ossingen, 8475, 47.6150567, 8.7200582,
Goldiwil, 3624, 46.7651516, 7.6666345,
Schmitten, 3185, 46.85504479999999, 7.248840500000001,
Les Charbonnières, 1343, 32.5717705, -117.0915207,
Realp, 6491, 46.5698572, 8.4696935,
Scuol, 7550, 46.7291199, 10.3141052,
Horgenberg, 8815, 47.2479787, 8.5804862,
Erlinsbach, 5018, 47.420277, 8.005061099999999,
Krauchthal, 3326, 47.008117, 7.569896300000001,
Untervaz, 7204, 46.9263513, 9.5102575,
Bonau, 8554, 47.5832323, 9.0337081,
Uetendorf, 3661, 46.7735068, 7.577952199999999,
Trun, 7166, 46.7396941, 8.982044,
Wünnewil, 3184, 46.87106929999999, 7.275707499999999,
Längenbühl, 3636, 46.7600121, 7.524581699999999,
Unterhörstetten, 8508, 47.6322613, 9.0091503,
Maseltrangen, 8723, 47.182677, 9.074615699999999,
Kleinandelfingen, 8451, 47.6081205, 8.6810521,
Luzein, 7242, 46.9220575, 9.7632718,
Dietfurt, 9615, 47.337967, 9.072300199999999,
Klosters, 7250, 46.8390202, 9.9588438,
Huttwil, 4950, 47.1061468, 7.857353000000001,
Reichenbach, 3713, 46.6211024, 7.6775531,
Berg, 8572, 47.579162, 9.177825499999999,
Gland, 1196, 46.818188, 8.227511999999999,
Oberkulm, 5727, 47.2935638, 8.1256447,
Rivera, 6802, 46.1256931, 8.907761299999999,
Rivera, 6802, 46.1256931, 8.907761299999999,
Rifferswil, 8911, 47.2467522, 8.498305799999999,
Schüpfheim, 6170, 46.9431775, 8.019995999999999,
Müllheim, 8555, 47.6032456, 8.9999158,
Brünisried, 1719, 46.818188, 8.227511999999999,
Wyssachen, 4954, 47.0692994, 7.823384099999999,
Attiswil, 4536, 47.2503721, 7.610934299999999,
Le Mont-sur-Lausanne, 1052, 46.818188, 8.227511999999999,
Muttenz, 4132, 47.5236348, 7.6485345,
Grasswil, 3365, 47.1485054, 7.666756,
Embrach, 8424, 47.51062049999999, 8.5961496,
Sax, 9468, 47.2311775, 9.4465031,
Amden, 8873, 47.1697672, 9.174439699999999,
Grabs, 9472, 47.1713913, 9.3958216,
Kriessern, 9451, 47.3660196, 9.6032566,
Waldkirch, 9205, 47.4613393, 9.2879882,
Wolfwil, 4628, 47.2700883, 7.792196300000001,
Bioggio, 6934, 46.0125238, 8.910569899999999,
Weinfelden, 8570, 47.569994, 9.1067558,
Wettingen, 5430, 47.4650388, 8.344792,
Wettingen, 5430, 47.4650388, 8.344792,
Homburg, 8508, 47.6322613, 9.0091503,
Gossau, 9200, 47.4151524, 9.248133600000001,
Grabs, 9472, 47.1713913, 9.3958216,
Oberriet, 9463, 47.320266, 9.567072999999999,
Flums, 8890, 47.0925191, 9.3390396,
Auw, 5644, 47.2170135, 8.368566699999999,
Wohlen bei Bern, 3033, 46.9736918, 7.348957200000001,
Küssnacht am Rigi, 6403, 47.0738515, 8.4466485,
Neuenkirch, 6206, 47.1014681, 8.202509599999999,
Wilen, 6062, 46.873845, 8.2054127,
Zuzwil, 9524, 47.4759087, 9.1073638,
Dussnang, 8374, 47.4285271, 8.9568145,
Oberstammheim, 8477, 47.6288852, 8.7981926,
Köniz, 3098, 46.91087400000001, 7.4148002,
Basel, 4057, 47.574259, 7.5930664,
Villarlod, 1695, 46.818188, 8.227511999999999,
Ruswil, 6017, 47.08397739999999, 8.1263259,
Hinterrhein, 7438, 46.5242087, 9.1836626,
Mosen, 6295, 47.2395576, 8.2274767,
Fischbach-Göslikon, 5525, 47.3709809, 8.3081426,
Unterägeri, 6314, 47.1226008, 8.5818864,
Vicques, 2824, 47.35118000000001, 7.423473099999999,
Egnach, 9322, 47.5458023, 9.374761999999999,
Wettswil, 8907, 47.3351994, 8.467191,
Tenero, 6598, 46.17596229999999, 8.8496653,
Mühlethurnen, 3127, 46.8145192, 7.509710999999999,
Kägiswil, 6056, 46.9191374, 8.2543049,
Brigels, 7165, 46.7896862, 9.0280612,
Brislach, 4225, 47.42171200000001, 7.5493641,
Oeschenbach, 4943, 47.1111228, 7.7486852,
Hinwil, 8340, 47.2993227, 8.8427233,
Beromünster, 6215, 47.219381, 8.200569999999999,
Mühlrüti, 9613, 47.3679063, 8.974447999999999,
Dreien, 9612, 47.3528081, 9.0095269,
Kirchberg, 9533, 47.4175617, 9.033230999999999,
Eschlikon, 8360, 47.4600973, 8.9637335,
Meyrin, 1217, 46.2349075, 6.074979099999999,
Häfelfingen, 4445, 47.4125796, 7.8674743,
Henggart, 8444, 47.5610128, 8.6819537,
Beatenberg, 3803, 46.7189711, 7.8097435,
Esslingen, 8133, 47.2918838, 8.7154242,
Orbe, 1350, 46.818188, 8.227511999999999,
Hefenhofen, 8580, 47.5500718, 9.292343299999999,
Genolier, 1272, 46.818188, 8.227511999999999,
Wattwil, 9630, 47.2901615, 9.0845857,
Bischofszell, 9220, 47.4963339, 9.2530361,
Holziken, 5043, 47.3173282, 8.0331485,
Dierikon, 6036, 47.0964991, 8.372155,
Kaufdorf, 3126, 46.8436201, 7.5115367,
Wichtrach, 3114, 46.84201270000001, 7.5727407,
Grüsch, 7214, 46.9692138, 9.6412028,
S-chanf, 7525, 46.5866833, 10.0537755,
Schiers, 7220, 46.9725548, 9.6884213,
Sent, 7554, 46.8131893, 10.357203,
Laufenburg, 5080, 47.5571986, 8.0589588,
Buochs, 6374, 46.9684622, 8.415329,
Chandolin-près-Saviese, 1965, 46.818188, 8.227511999999999,
Ebnat-Kappel, 9642, 47.2522495, 9.1275795,
Kaisten, 5082, 47.53560179999999, 8.0497939,
Untersiggenthal, 5417, 47.510648, 8.2609423,
Balgach, 9436, 47.4054637, 9.6042275,
Renan, 2616, 47.109051, 6.9027075,
Dürnten, 8635, 47.2800886, 8.836721599999999,
Wil, 9500, 47.4604542, 9.0530887,
Gunten, 3654, 46.72113, 7.6884839,
Benken, 8717, 47.1892867, 8.991218,
Bertschikon, 8543, 47.526602, 8.8401683,
Moudon, 1510, 46.818188, 8.227511999999999,
Niederglatt, 8172, 47.4931606, 8.4992699,
Oberegg, 9413, 47.4174975, 9.5492752,
Cumpadials, 7176, 46.71578479999999, 8.9143499,
Genève, 1205, 46.1902742, 6.146484099999999,
Fahrni, 3617, 46.7975777, 7.6548203,
Melchnau, 4917, 47.1751116, 7.8525961,
Rünenberg, 4497, 47.4315217, 7.878744699999999,
Muhen, 5037, 47.3371722, 8.0658539,
Schöftland, 5040, 47.30601919999999, 8.053993499999999,
Eriswil, 4952, 47.0668953, 7.858390600000001,
Schiers, 7220, 46.9725548, 9.6884213,
Helsighausen, 8558, 47.63907, 9.048458799999999,
Alterswilen, 8573, 47.61008899999999, 9.1630577,
Besenbüren, 5627, 47.3145799, 8.3459672,
Baldingen, 5333, 47.5564638, 8.3108317,
Thierachern, 3634, 46.7543877, 7.5728572,
Thierachern, 3634, 46.7543877, 7.5728572,
Teufen, 9053, 47.3927275, 9.401474499999999,
Ascharina, 7245, 46.818188, 8.227511999999999,
Praden, 7063, 46.8179928, 9.577639099999999,
Meggen, 6045, 47.0502862, 8.3675336,
Löhningen, 8224, 47.7071391, 8.5514417,
Tuggen, 8856, 47.20307570000001, 8.941439899999999,
Rotkreuz, 6343, 47.1427744, 8.4430747,
Visp, 3930, 46.2874952, 7.8893635,
Wiler, 3428, 47.1532831, 7.558277500000001,
Riniken, 5223, 47.4937943, 8.1862591,
Zweisimmen, 3770, 46.5761908, 7.4034662,
Valchava, 7535, 46.5996682, 10.3963014,
Kirchberg, 9533, 47.4175617, 9.033230999999999,
Bavois, 1372, 32.5717256, -117.0921987,
Weinfelden, 8570, 47.569994, 9.1067558,
Bernhardzell, 9304, 47.4670306, 9.3393955,
Oberwil b. Bueren, 3298, 47.1357446, 7.414608199999999,
Vordemwald, 4803, 47.2706747, 7.8910541,
Saanen, 3792, 46.4560734, 7.2394805,
Glovelier, 2855, 47.3273761, 7.1801473,
Bischofszell, 9220, 47.4963339, 9.2530361,
Dallenwil, 6383, 46.917998, 8.370464,
Lömmenschwil, 9308, 47.4949419, 9.361019899999999,
Echandens, 1026, 46.5371222, 6.5369124,
La Chaux-de-Fonds, 2300, 47.11767829999999, 6.8405667,
Ramsen, 8262, 47.7073214, 8.8102584,
Subingen, 4553, 47.1979814, 7.623639,
Wisen, 4634, 47.3960399, 7.892931699999999,
Baar, 6340, 47.2003879, 8.526752799999999,
Neuendorf, 4623, 47.2964278, 7.802422200000001,
Bärau, 3552, 46.9325494, 7.821303699999999,
Le Lignon, 1219, 46.818188, 8.227511999999999,
Aetigkofen, 4583, 47.1319591, 7.4727155,
Hellsau, 3429, 47.1430412, 7.638568100000001,
Oberriet, 9463, 47.320266, 9.567072999999999,
Trasadingen, 8219, 47.6692974, 8.4266051,
Kriessern, 9451, 47.3660196, 9.6032566,
Rorschacherberg, 9404, 47.4636842, 9.4995988,
Heldswil, 9216, 47.5163837, 9.2193455,
Benken, 8463, 47.6592908, 8.6598474,
Genève, 1202, 46.818188, 8.227511999999999,
Frauenfeld, 8501, 46.818188, 8.227511999999999,
Avry-devant-Pont, 1644, 46.818188, 8.227511999999999,
Märstetten, 8560, 47.5878496, 9.069190299999999,
Neuenkirch, 6206, 47.1014681, 8.202509599999999,
Stehrenberg, 9503, 47.524371, 9.0889954,
Luzern, 6003, 47.0484552, 8.2920023,
Schwarzenbach, 6215, 47.219381, 8.200569999999999,
Zürich, 8055, 47.3627973, 8.4936631,
Pusserein, 7228, 47.0034293, 9.7574876,
Seeberg, 3365, 47.1485054, 7.666756,
Anwil, 4469, 47.4542491, 7.942283100000001,
Pieterlen, 2542, 47.1714011, 7.317576,
Madiswil, 4934, 47.1582636, 7.812176999999999,
Thörigen, 3367, 47.1630398, 7.742035699999999,
Schüpfen, 3054, 47.030614, 7.375456199999999,
Küssnacht am Rigi, 6403, 47.0738515, 8.4466485,
Herisau, 9100, 47.3823758, 9.286793,
Dettighofen (Lengwil), 8574, 47.6168339, 9.202468699999999,
Frutigen, 3714, 46.5992099, 7.6424435,
Hellbühl, 6016, 47.0726649, 8.194188,
Ellighausen, 8566, 47.6129949, 9.1268051,
Wiliberg, 5058, 47.2679996, 8.017692,
Corgémont, 2606, 47.18240549999999, 7.1436021,
Rüti, 8630, 47.258089, 8.8664545,
Krummenau, 9643, 47.2601658, 9.1822847,
Unterseen, 3800, 46.6871831, 7.848015299999999,
Amden, 8873, 47.1697672, 9.174439699999999,
Appenzell, 9050, 47.32678900000001, 9.4228294,
Surcuolm, 7138, 46.7550921, 9.1558896,
Mosnang, 9607, 47.3631793, 9.0343127,
Wölflinswil, 5063, 47.460628, 7.9923183,
Graben, 3376, 47.22141269999999, 7.7132694,
Chavannes-Sous-Orsonnens, 1694, 46.7034132, 7.0011483,
Säriswil, 3049, 46.991434, 7.3388638,
Kirchlindach, 3038, 46.99878020000001, 7.414235100000001,
Langnau, 3550, 46.9349318, 7.7864583,
Ufhusen, 6153, 47.1037285, 7.892416300000001,
Gasel, 3144, 46.899072, 7.4087902,
Schaffhausen, 8200, 47.7114176, 8.626544899999999,
Dottikon, 5605, 47.3762402, 8.2430298,
Ettingen, 4107, 47.4709326, 7.5505014,
Erstfeld, 6472, 46.8033393, 8.5994797,
Gähwil, 9534, 47.3974541, 9.0015436,
Waldkirch, 9205, 47.4613393, 9.2879882,
Jona, 8645, 47.2301899, 8.8455398,
Sempach, 6204, 47.14074189999999, 8.201868,
Zofingen, 4800, 47.28588860000001, 7.955228599999999,
Burgdorf, 3401, 46.818188, 8.227511999999999,
Thierachern, 3634, 46.7543877, 7.5728572,
Schaffhausen, 8200, 47.7114176, 8.626544899999999,
Thayngen, 8240, 47.7447496, 8.7107153,
Oberwil b. Büren, 3298, 47.1357446, 7.414608199999999,
Grossaffoltern, 3257, 47.0705883, 7.362277299999999,
Hellsau, 3429, 47.1430412, 7.638568100000001,
Remigen, 5236, 47.5157263, 8.1891195,
Dietlikon, 8305, 47.4227353, 8.615258899999999,
Commugny, 1291, 46.818188, 8.227511999999999,
Bösingen, 3178, 46.88358059999999, 7.232165500000001,
Küsnacht, 8700, 47.3184279, 8.5927209,
Altstätten, 9450, 47.3700789, 9.5549856,
Selzach, 2545, 47.2121208, 7.446418599999999,
Hellbühl, 6016, 47.0726649, 8.194188,
Lengnau, 5426, 47.5256823, 8.3261442,
Hirschthal, 5042, 47.3148342, 8.068528299999999,
Winterthur, 8400, 47.485687, 8.7292922,
Wattwil, 9630, 47.2901615, 9.0845857,
Château d'Oex, 1660, 46.818188, 8.227511999999999,
Mittelhäusern, 3147, 46.8747542, 7.3702421,
L'Orient, 1341, 46.818188, 8.227511999999999,
Bigenthal, 3513, 46.9746787, 7.6317862,
Heiligkreuz, 8888, 47.0696525, 9.408082799999999,
Heiligkreuz, 8888, 47.0696525, 9.408082799999999,
Holderbank, 4718, 47.3301917, 7.739896099999999,
Rorbas, 8427, 47.5361434, 8.5855418,
Rorbas, 8427, 47.5361434, 8.5855418,
Frauenfeld, 8500, 47.5624565, 8.8883133,
Rafz, 8197, 47.6083878, 8.546168999999999,
Urtenen-Schönbühl, 3322, 47.0223166, 7.5028673,
Buttisholz, 6018, 47.114231, 8.0923935,
Halten, 4566, 47.1742749, 7.6113397,
Bretzwil, 4207, 47.3953234, 7.649900199999999,
Inwil, 6034, 47.1287795, 8.366640199999999,
Buttikon, 8863, 47.1633222, 8.946409599999999,
Nesslau, 9650, 47.2081104, 9.1868699,
Kiesen, 3629, 46.811766, 7.5881589,
Pfyn, 8505, 47.6070377, 8.9517001,
Ayent, 1966, 46.818188, 8.227511999999999,
Oberentfelden, 5036, 47.3559405, 8.0440911,
Uttwil, 8592, 47.5760587, 9.3381631,
Ruswil, 6017, 47.08397739999999, 8.1263259,
Rheinfelden, 4310, 47.5520509, 7.812721,
Romanel-Sur-Lausanne, 1032, 46.5644263, 6.6088103,
Attelwil, 5056, 47.262211, 8.04757,
Pfeffingen, 4148, 47.4566783, 7.579612399999999,
Siblingen, 8225, 47.7195387, 8.5183119,
Romoos, 6113, 47.002329, 8.0129018,
Höchstetten, 3429, 47.1430412, 7.638568100000001,
Wallenbuch, 3206, 46.9426262, 7.2237957,
Berg, 8572, 47.579162, 9.177825499999999,
Stein am Rhein, 8260, 47.6665494, 8.856196599999999,
Langenbruck, 4438, 47.3523546, 7.775877299999999,
Rottenschwil, 8919, 47.315906, 8.3614839,
Krummenau, 9643, 47.2601658, 9.1822847,
Horw, 6048, 47.0249599, 8.3121008,
Basel, 4053, 47.54061230000001, 7.5975674,
Hägendorf, 4614, 47.3439097, 7.827473599999999,
Hüttwilen, 8536, 47.613619, 8.867386999999999,
Burgdorf, 3400, 46.818188, 8.227511999999999,
Burgdorf, 3400, 46.818188, 8.227511999999999,
Mettmenstetten, 8932, 47.2437564, 8.4626854,
Häggenschwil, 9312, 47.48944789999999, 9.337500100000002,
Züberwangen, 9523, 47.4650562, 9.0884573,
Zollbrück, 3436, 46.9748736, 7.7737278,
Heiden, 9410, 47.441412, 9.5293867,
Schüpfheim, 6170, 46.9431775, 8.019995999999999,
Küsnacht, 8700, 47.3184279, 8.5927209,
Noflen, 3116, 46.8148227, 7.542035999999999,
Ormalingen, 4466, 47.4710544, 7.877688000000001,
Dreifachturnhalle Maihof, 8834, 47.1721108, 8.7059603,
Trub, 3556, 46.9720887, 7.885568899999999,
Aarberg, 3270, 47.0461703, 7.2853974,
Selzach, 2545, 47.2121208, 7.446418599999999,
Kriegstetten, 4566, 47.1742749, 7.6113397,
Büren zum Hof, 3313, 47.0974263, 7.513861200000001,
Niederurnen, 8867, 47.1262043, 9.0537406,
Meierskappel, 6344, 47.1157175, 8.4440606,
Salez, 9465, 47.23676769999999, 9.497722,
Tschugg, 3233, 47.0225938, 7.0772321,
Deitingen, 4543, 47.2198713, 7.6265451,
Ulisbach, 9631, 47.28513359999999, 9.1167071,
Affoltern, 3416, 47.06603870000001, 7.7274954,
Härkingen, 4624, 47.3026642, 7.819096600000001,
Corcelles, 2747, 47.29672919999999, 7.5043034,
Sumiswald, 3454, 47.028436, 7.744630199999999,
Riehen, 4125, 47.58265900000001, 7.652434,
Scherz, 5246, 47.4472086, 8.1818971,
Eschenz, 8264, 47.6329746, 8.873453999999999,
Eschenz, 8264, 47.6329746, 8.873453999999999,
Entlebuch, 6162, 46.9748961, 8.124259499999999,
Lanzenhäusern, 3148, 46.8434208, 7.3650479,
Grasswil, 3365, 47.1485054, 7.666756,
Hondrich, 3702, 46.6717358, 7.682454999999999,
Gipf-Oberfrick, 5073, 47.5001816, 7.991391399999999,
Bowil, 3533, 46.8917395, 7.7038103,
Ebersecken, 6245, 47.1790691, 7.937291399999999,
Fieschertal, 3984, 46.4827768, 8.0668078,
Schlatt, 8252, 47.6662411, 8.6988943,
Meinisberg, 2554, 47.1621198, 7.347645399999999,
Vernier, 1214, 46.2153264, 6.0819838,
Frick, 5070, 47.5082066, 8.0178304,
Recherswil, 4565, 47.1602107, 7.6016374,
Aeschi, 3703, 46.6156611, 7.757983599999999,
Osterfingen, 8218, 47.6613214, 8.500813599999999,
Grosswangen, 6022, 47.1367735, 8.0509437,
Gunzwil, 6222, 47.1921984, 8.1686856,
Brig, 3900, 46.3060531, 7.9539715,
Römerswil, 6027, 47.1670368, 8.2455246,
Ohmstal, 6143, 47.1607981, 7.9530917,
Hergiswil, 6133, 47.0648206, 7.959008,
Hergiswil, 6133, 47.0648206, 7.959008,
Essertines-sur-Yverdon, 1417, 46.818188, 8.227511999999999,
Zeiningen, 4314, 47.5427335, 7.876497899999999,
Langnau, 3550, 46.9349318, 7.7864583,
Ruswil, 6017, 47.08397739999999, 8.1263259,
Orpund, 2552, 47.1406218, 7.3008107,
Berneck, 9442, 47.4246872, 9.6107587,
Seewil, 3256, 47.0557112, 7.440894,
Rengg, 6162, 46.9748961, 8.124259499999999,
Rehetobel, 9038, 47.4262023, 9.474608,
Itingen, 4452, 47.4625964, 7.785113000000001,
Grossaffoltern, 3257, 47.0705883, 7.362277299999999,
Ruswil, 6017, 47.08397739999999, 8.1263259,
Heimenhausen, 3373, 47.21516769999999, 7.696684500000001,
Kriens, 6010, 47.0223002, 8.2813683,
Rheinfelden, 4310, 47.5520509, 7.812721,
Densbüren, 5026, 47.45563689999999, 8.0633576,
Ennetbühl, 9651, 47.2406607, 9.271133299999999,
Schenkon, 6214, 47.1850966, 8.130626,
Quartino, 6572, 46.153111, 8.8956863,
Allenwinden, 6319, 47.1667278, 8.5498824,
Wilihof, 6236, 47.2215961, 8.066045899999999,
Gams, 9473, 47.2077199, 9.432517599999999,
Dietikon, 8953, 47.4018479, 8.399013799999999,
Stein, 4332, 47.5448771, 7.9525948,
Wil, 8196, 47.6110714, 8.510228099999999,
Schwellbrunn, 9103, 47.346843, 9.2381596,
Niederbuchsiten, 4626, 47.2883757, 7.776294799999999,
Wauwil, 6242, 47.18212949999999, 8.033870799999999,
Stans, 6370, 46.95191089999999, 8.374485199999999,
Ennetmoos, 6372, 46.9405596, 8.329259200000001,
Urswil, 6280, 47.15401180000001, 8.2898259,
Schüpfheim, 6170, 46.9431775, 8.019995999999999,
Haslen, 9054, 47.3676515, 9.368072399999999,
Nottwil, 6207, 47.1257257, 8.137588,
Hagenwil b. Amriswil, 8580, 47.5500718, 9.292343299999999,
Merzligen, 3274, 47.0779876, 7.246523199999999,
Au, 9434, 47.4295975, 9.6404297,
Kloten, 8302, 47.45265089999999, 8.5785757,
Frauenfeld, 8500, 47.5624565, 8.8883133,
Ortschwaben, 3042, 46.9936184, 7.399657700000001,
Lumbrein, 7148, 46.6852656, 9.1152836,
Ruswil, 6017, 47.08397739999999, 8.1263259,
Hägglingen, 5607, 47.3920655, 8.2627638,
Marbach, 9437, 47.3851158, 9.581794300000002,
Menznau, 6122, 47.0738989, 8.0390977,
Wolhusen, 6110, 47.0618181, 8.0714915,
Boudry, 2017, 46.818188, 8.227511999999999,
Uettligen, 3043, 46.99141729999999, 7.377042599999999,
Suberg, 3262, 47.0550515, 7.3376573,
Schongau, 6288, 47.2632675, 8.2735466,
Poliez-Pittet, 1041, 46.6350262, 6.685364799999999,
Hinwil, 8340, 47.2993227, 8.8427233,
L'Isle, 1148, 46.6365129, 6.4056372,
Basel, 4058, 47.5656032, 7.611773100000001,
Weissenburg, 3764, 46.67297079999999, 7.481164199999999,
Wyssachen, 4954, 47.0692994, 7.823384099999999,
Pratteln, 4133, 47.52046790000001, 7.695735300000001,
Villy, 1867, 46.818188, 8.227511999999999,
Eggersriet, 9034, 47.43948169999999, 9.463542499999999,
Schötz, 6247, 47.1661745, 7.9814981,
Selzach, 2545, 47.2121208, 7.446418599999999,
Gadmen, 3863, 46.6942435, 8.3641156,
Rothrist, 4852, 47.30043149999999, 7.8873473,
Rickenbach, 6432, 46.818188, 8.227511999999999,
Gasel, 3144, 46.899072, 7.4087902,
Bursins, 1183, 46.818188, 8.227511999999999,
Ebersecken, 6245, 47.1790691, 7.937291399999999,
Sins, 5643, 47.19909879999999, 8.3783604,
Etziken, 4554, 47.1893868, 7.6421293,
Cresta (Avers), 7447, 46.4574928, 9.5229094,
Dornach, 4143, 47.4759407, 7.6236993,
Rapperswil, 3255, 47.0638504, 7.4104389,
Abtwil SG, 9030, 47.4227854, 9.317473399999999,
Schlierbach, 6231, 47.2252741, 8.118118100000002,
Affoltern im Emmental, 3416, 47.06603870000001, 7.7274954,
Russikon, 8332, 47.3955327, 8.777935900000001,
Sempach-Station, 6203, 47.1198329, 8.2198171,
Uffikon, 6253, 47.21044010000001, 8.017634,
Basel, 4053, 47.54061230000001, 7.5975674,
Egliswil, 5704, 47.3480654, 8.1895463,
Kaisten, 5082, 47.53560179999999, 8.0497939,
Opfikon, 8152, 47.4289624, 8.5653092,
Aubonne, 1170, 46.818188, 8.227511999999999,
Neuendorf, 4623, 47.2964278, 7.802422200000001,
Cugy, 1053, 46.5911157, 6.649315499999999,
Mettlen, 9517, 47.5364443, 9.123776699999999,
Mühleberg, 3203, 46.9596448, 7.263253799999999,
Gurzelen, 3663, 46.7757953, 7.5434028,
Lupfig, 5242, 47.4349868, 8.214691499999999,
Lanzenhäusern, 3148, 46.8434208, 7.3650479,
Uettligen, 3043, 46.99141729999999, 7.377042599999999,
Ziegelbrücke, 8866, 47.1369139, 9.0630186,
Füllinsdorf, 4414, 47.5106069, 7.7321246,
Schüpfheim, 6170, 46.9431775, 8.019995999999999,
Buchs, 9470, 47.16972879999999, 9.4752513,
Basel, 4058, 47.5656032, 7.611773100000001,
Präz / Plaun, 7424, 46.7453548, 9.3950169,
Abtwil, 9030, 47.4227854, 9.317473399999999,
Küblis, 7240, 46.9178837, 9.7833466,
Laufenburg, 5080, 47.5571986, 8.0589588,
Kriens, 6010, 47.0223002, 8.2813683,
Zug, 6300, 47.15582999999999, 8.5314882,
Aesch, 6287, 47.2583926, 8.2389682,
Surrein, 7173, 46.677464, 8.968366500000002,
Walenstadt, 8880, 47.124147, 9.312686099999999,
Zürich, 8055, 47.3627973, 8.4936631,
Unterägeri, 6314, 47.1226008, 8.5818864,
Eich, 6205, 47.1603059, 8.1685081,
Zug, 6300, 47.15582999999999, 8.5314882,
Lajoux, 2718, 47.2811887, 7.1330711,
Eriswil, 4952, 47.0668953, 7.858390600000001,
Rougemont, 1659, 46.818188, 8.227511999999999,
Gossau, 9200, 47.4151524, 9.248133600000001,
Arlesheim, 4144, 47.4953285, 7.628910799999999,
Pignia, 7443, 46.6028594, 9.468848699999999,
Trübbach, 9477, 47.07754080000001, 9.4904919,
Ebikon, 6030, 47.08164499999999, 8.3407354,
Bergdietikon, 8962, 47.3860478, 8.3791652,
Sent, 7554, 46.8131893, 10.357203,
Ebersecken, 6245, 47.1790691, 7.937291399999999,
Ebnet, 6163, 47.0217758, 8.0839699,
Hendschiken, 5604, 47.3858289, 8.2125518,
Ebnet, 6163, 47.0217758, 8.0839699,
Waltenschwil, 5622, 47.3329265, 8.2969192,
Egolzwil, 6243, 47.1819903, 8.0009062,
Bern, 3006, 46.9462427, 7.4710474,
Basel, 4052, 47.5484185, 7.610165400000001,
Zeiningen, 4314, 47.5427335, 7.876497899999999,
Hüswil, 6152, 47.1295662, 7.908548199999999,
Degersheim, 9113, 47.36995830000001, 9.1964005,
Hämikon, 6289, 47.2422948, 8.291543899999999,
Liestal, 4410, 47.4889962, 7.7232323,
Kallern, 5625, 47.3136422, 8.291278199999999,
Rickenbach, 6221, 47.2227566, 8.1534441,
Zürich, 8055, 47.3627973, 8.4936631,
Zürich, 8055, 47.3627973, 8.4936631,
Frutigen, 3714, 46.5992099, 7.6424435,
Thun, 3600, 46.818188, 8.227511999999999,
Azmoos, 9478, 47.0909084, 9.418216,
Oberbalm, 3096, 46.86735239999999, 7.4093145,
Mettmenstetten, 8932, 47.2437564, 8.4626854,
Luzern, 6002, 46.818188, 8.227511999999999,
Full-Reuenthal, 5324, 47.6038445, 8.2028956,
St.Gallen, 9015, 47.4080948, 9.3045072,
Taegerwilen, 8274, 47.647322, 9.1316841,
Eriswil, 4952, 47.0668953, 7.858390600000001,
Schwendibach, 3624, 46.7651516, 7.6666345,
Sempach, 6204, 47.14074189999999, 8.201868,
Jegenstorf, 3303, 47.0519193, 7.498883799999999,
Seigneux, 1525, 46.818188, 8.227511999999999,
Finsterwald, 6162, 46.9748961, 8.124259499999999,
Ufhusen, 6153, 47.1037285, 7.892416300000001,
Zug, 6300, 47.15582999999999, 8.5314882,
Guntmadingen, 8223, 47.6771345, 8.5546624,
Basel, 4058, 47.5656032, 7.611773100000001,
Basel, 4058, 47.5656032, 7.611773100000001,
Arlesheim, 4144, 47.4953285, 7.628910799999999,
Carouge, 1227, 46.818188, 8.227511999999999,
Hohenrain, 6276, 47.1811341, 8.3218395,
Finsterwald, 6162, 46.9748961, 8.124259499999999,
Genève, 1209, 46.818188, 8.227511999999999,
Villmergen, 5612, 47.3446612, 8.236875,
Grosswangen, 6022, 47.1367735, 8.0509437,
Oberiberg, 8843, 47.030662, 8.759293999999999,
Kaltacker, 3413, 47.0803604, 7.660232000000001,
Birsfelden, 4127, 47.5520922, 7.6291704,
Birsfelden, 4127, 47.5520922, 7.6291704,
Aigle, 1860, 46.818188, 8.227511999999999,
Penthalaz, 1305, 46.818188, 8.227511999999999,
Wisen, 4634, 47.3960399, 7.892931699999999,
Lausanne, 1005, 46.52013909999999, 6.6427496,
Eschenbach, 6274, 47.1226199, 8.316711699999999,
Vuisternens-en-Ogoz, 1696, 46.818188, 8.227511999999999,
Waldkirch, 9205, 47.4613393, 9.2879882,
Littau, 6014, 47.0588407, 8.2500796,
Nidau, 2560, 47.1246634, 7.243721299999999,
Romanshorn, 8590, 47.5644239, 9.3591783,
Meyrin, 1217, 46.2349075, 6.074979099999999,
Altwis, 6286, 47.2426683, 8.2524742,
Geiss, 6123, 47.09145609999999, 8.067970599999999,
Wilchingen, 8217, 47.6648801, 8.4528505,
Emmen, 6032, 47.0938162, 8.308271999999999,
Ebikon, 6030, 47.08164499999999, 8.3407354,
Zürich, 8055, 47.3627973, 8.4936631,
Schaffhausen, 8200, 47.7114176, 8.626544899999999,
Muhen, 5037, 47.3371722, 8.0658539,
Ittigen, 3063, 46.9824346, 7.4776246,
Wolfwil, 4628, 47.2700883, 7.792196300000001,
Zweisimmen, 3770, 46.5761908, 7.4034662,
Gelfingen, 6284, 47.2156126, 8.286759199999999,
Ormalingen, 4466, 47.4710544, 7.877688000000001,
Lausanne, 1000, 46.818188, 8.227511999999999,
Lenzburg, 5600, 47.3778731, 8.1860746,
Rüti, 8630, 47.258089, 8.8664545,
Unterstammheim, 8476, 47.6491791, 8.7921751,
Trübbach, 9477, 47.07754080000001, 9.4904919,
Steinach, 9323, 47.4985985, 9.436729099999999,
